file,line,type,commit,author,date,time,timezone,datetime,depth,length
style.css,1,css,933e144b,Jessica Batbayar,2025-01-09,18:02:27,-08:00,2025-01-09T18:02:27-08:00,0,5
style.css,2,css,933e144b,Jessica Batbayar,2025-01-09,18:02:27,-08:00,2025-01-09T18:02:27-08:00,0,44
style.css,3,css,933e144b,Jessica Batbayar,2025-01-09,18:02:27,-08:00,2025-01-09T18:02:27-08:00,0,43
style.css,4,css,933e144b,Jessica Batbayar,2025-01-09,18:02:27,-08:00,2025-01-09T18:02:27-08:00,0,1
style.css,5,css,933e144b,Jessica Batbayar,2025-01-09,18:02:27,-08:00,2025-01-09T18:02:27-08:00,0,24
style.css,6,css,7d05c500,Jessica Batbayar,2025-01-31,11:50:29,-08:00,2025-01-31T11:50:29-08:00,0,15
style.css,7,css,2d466a40,Jessica Batbayar,2025-01-16,21:04:21,-08:00,2025-01-16T21:04:21-08:00,0,19
style.css,8,css,2d466a40,Jessica Batbayar,2025-01-16,21:04:21,-08:00,2025-01-16T21:04:21-08:00,0,17
style.css,9,css,2d466a40,Jessica Batbayar,2025-01-16,21:04:21,-08:00,2025-01-16T21:04:21-08:00,0,18
style.css,10,css,2d466a40,Jessica Batbayar,2025-01-16,21:04:21,-08:00,2025-01-16T21:04:21-08:00,0,0
style.css,11,css,2d466a40,Jessica Batbayar,2025-01-16,21:04:21,-08:00,2025-01-16T21:04:21-08:00,0,0
style.css,12,css,2d466a40,Jessica Batbayar,2025-01-16,21:04:21,-08:00,2025-01-16T21:04:21-08:00,0,4
style.css,13,css,2d466a40,Jessica Batbayar,2025-01-16,21:04:21,-08:00,2025-01-16T21:04:21-08:00,0,13
style.css,14,css,f3f89973,Jessica Batbayar,2025-01-16,22:06:53,-08:00,2025-01-16T22:06:53-08:00,0,18
style.css,15,css,307e1264,Jessica Batbayar,2025-01-23,14:32:33,-08:00,2025-01-23T14:32:33-08:00,0,40
style.css,16,css,307e1264,Jessica Batbayar,2025-01-23,14:32:33,-08:00,2025-01-23T14:32:33-08:00,0,44
style.css,17,css,2d466a40,Jessica Batbayar,2025-01-16,21:04:21,-08:00,2025-01-16T21:04:21-08:00,0,0
style.css,18,css,2352e79d,Jessica Batbayar,2025-01-16,22:19:42,-08:00,2025-01-16T22:19:42-08:00,0,0
style.css,19,css,2d466a40,Jessica Batbayar,2025-01-16,21:04:21,-08:00,2025-01-16T21:04:21-08:00,0,6
style.css,20,css,2d466a40,Jessica Batbayar,2025-01-16,21:04:21,-08:00,2025-01-16T21:04:21-08:00,0,7
style.css,21,css,f3f89973,Jessica Batbayar,2025-01-16,22:06:53,-08:00,2025-01-16T22:06:53-08:00,0,21
style.css,22,css,f3f89973,Jessica Batbayar,2025-01-16,22:06:53,-08:00,2025-01-16T22:06:53-08:00,0,14
style.css,23,css,f3f89973,Jessica Batbayar,2025-01-16,22:06:53,-08:00,2025-01-16T22:06:53-08:00,0,18
style.css,24,css,f3f89973,Jessica Batbayar,2025-01-16,22:06:53,-08:00,2025-01-16T22:06:53-08:00,0,14
style.css,25,css,2d466a40,Jessica Batbayar,2025-01-16,21:04:21,-08:00,2025-01-16T21:04:21-08:00,0,0
style.css,26,css,f3f89973,Jessica Batbayar,2025-01-16,22:06:53,-08:00,2025-01-16T22:06:53-08:00,0,0
style.css,27,css,ec99d58b,Jessica Batbayar,2025-01-23,15:24:07,-08:00,2025-01-23T15:24:07-08:00,0,14
style.css,28,css,ec99d58b,Jessica Batbayar,2025-01-23,15:24:07,-08:00,2025-01-23T15:24:07-08:00,0,46
style.css,29,css,ec99d58b,Jessica Batbayar,2025-01-23,15:24:07,-08:00,2025-01-23T15:24:07-08:00,0,21
style.css,30,css,ec99d58b,Jessica Batbayar,2025-01-23,15:24:07,-08:00,2025-01-23T15:24:07-08:00,0,17
style.css,31,css,ec99d58b,Jessica Batbayar,2025-01-23,15:24:07,-08:00,2025-01-23T15:24:07-08:00,0,0
style.css,32,css,f3f89973,Jessica Batbayar,2025-01-16,22:06:53,-08:00,2025-01-16T22:06:53-08:00,0,0
style.css,33,css,ec99d58b,Jessica Batbayar,2025-01-23,15:24:07,-08:00,2025-01-23T15:24:07-08:00,0,6
style.css,34,css,ec99d58b,Jessica Batbayar,2025-01-23,15:24:07,-08:00,2025-01-23T15:24:07-08:00,0,34
style.css,35,css,ec99d58b,Jessica Batbayar,2025-01-23,15:24:07,-08:00,2025-01-23T15:24:07-08:00,0,0
style.css,36,css,f3f89973,Jessica Batbayar,2025-01-16,22:06:53,-08:00,2025-01-16T22:06:53-08:00,0,0
style.css,37,css,ec99d58b,Jessica Batbayar,2025-01-23,15:24:07,-08:00,2025-01-23T15:24:07-08:00,0,5
style.css,38,css,ec99d58b,Jessica Batbayar,2025-01-23,15:24:07,-08:00,2025-01-23T15:24:07-08:00,0,24
style.css,39,css,ec99d58b,Jessica Batbayar,2025-01-23,15:24:07,-08:00,2025-01-23T15:24:07-08:00,0,0
style.css,40,css,f3f89973,Jessica Batbayar,2025-01-16,22:06:53,-08:00,2025-01-16T22:06:53-08:00,0,0
style.css,41,css,ec99d58b,Jessica Batbayar,2025-01-23,15:24:07,-08:00,2025-01-23T15:24:07-08:00,0,12
style.css,42,css,ec99d58b,Jessica Batbayar,2025-01-23,15:24:07,-08:00,2025-01-23T15:24:07-08:00,0,46
style.css,43,css,ec99d58b,Jessica Batbayar,2025-01-23,15:24:07,-08:00,2025-01-23T15:24:07-08:00,0,70
style.css,44,css,ec99d58b,Jessica Batbayar,2025-01-23,15:24:07,-08:00,2025-01-23T15:24:07-08:00,0,0
style.css,45,css,329ce576,Jessica Batbayar,2025-01-17,00:28:06,-08:00,2025-01-17T00:28:06-08:00,0,0
style.css,46,css,ec99d58b,Jessica Batbayar,2025-01-23,15:24:07,-08:00,2025-01-23T15:24:07-08:00,0,39
style.css,47,css,ec99d58b,Jessica Batbayar,2025-01-23,15:24:07,-08:00,2025-01-23T15:24:07-08:00,0,13
style.css,48,css,ec99d58b,Jessica Batbayar,2025-01-23,15:24:07,-08:00,2025-01-23T15:24:07-08:00,0,0
style.css,49,css,329ce576,Jessica Batbayar,2025-01-17,00:28:06,-08:00,2025-01-17T00:28:06-08:00,0,0
style.css,50,css,329ce576,Jessica Batbayar,2025-01-17,00:28:06,-08:00,2025-01-17T00:28:06-08:00,0,5
style.css,51,css,329ce576,Jessica Batbayar,2025-01-17,00:28:06,-08:00,2025-01-17T00:28:06-08:00,0,13
style.css,52,css,329ce576,Jessica Batbayar,2025-01-17,00:28:06,-08:00,2025-01-17T00:28:06-08:00,0,31
style.css,53,css,329ce576,Jessica Batbayar,2025-01-17,00:28:06,-08:00,2025-01-17T00:28:06-08:00,0,8
style.css,54,css,329ce576,Jessica Batbayar,2025-01-17,00:28:06,-08:00,2025-01-17T00:28:06-08:00,0,0
style.css,55,css,329ce576,Jessica Batbayar,2025-01-17,00:28:06,-08:00,2025-01-17T00:28:06-08:00,0,0
style.css,56,css,329ce576,Jessica Batbayar,2025-01-17,00:28:06,-08:00,2025-01-17T00:28:06-08:00,0,11
style.css,57,css,329ce576,Jessica Batbayar,2025-01-17,00:28:06,-08:00,2025-01-17T00:28:06-08:00,0,17
style.css,58,css,329ce576,Jessica Batbayar,2025-01-17,00:28:06,-08:00,2025-01-17T00:28:06-08:00,0,30
style.css,59,css,329ce576,Jessica Batbayar,2025-01-17,00:28:06,-08:00,2025-01-17T00:28:06-08:00,0,19
style.css,60,css,329ce576,Jessica Batbayar,2025-01-17,00:28:06,-08:00,2025-01-17T00:28:06-08:00,0,0
style.css,61,css,329ce576,Jessica Batbayar,2025-01-17,00:28:06,-08:00,2025-01-17T00:28:06-08:00,0,0
style.css,62,css,329ce576,Jessica Batbayar,2025-01-17,00:28:06,-08:00,2025-01-17T00:28:06-08:00,0,12
style.css,63,css,329ce576,Jessica Batbayar,2025-01-17,00:28:06,-08:00,2025-01-17T00:28:06-08:00,0,19
style.css,64,css,4340825a,Jessica Batbayar,2025-01-17,00:49:14,-08:00,2025-01-17T00:49:14-08:00,0,0
style.css,65,css,4340825a,Jessica Batbayar,2025-01-17,00:49:14,-08:00,2025-01-17T00:49:14-08:00,0,0
style.css,66,css,4340825a,Jessica Batbayar,2025-01-17,00:49:14,-08:00,2025-01-17T00:49:14-08:00,0,10
style.css,67,css,4340825a,Jessica Batbayar,2025-01-17,00:49:14,-08:00,2025-01-17T00:49:14-08:00,0,13
style.css,68,css,4340825a,Jessica Batbayar,2025-01-17,00:49:14,-08:00,2025-01-17T00:49:14-08:00,0,59
style.css,69,css,4340825a,Jessica Batbayar,2025-01-17,00:49:14,-08:00,2025-01-17T00:49:14-08:00,0,8
style.css,70,css,4340825a,Jessica Batbayar,2025-01-17,00:49:14,-08:00,2025-01-17T00:49:14-08:00,0,0
style.css,71,css,4340825a,Jessica Batbayar,2025-01-17,00:49:14,-08:00,2025-01-17T00:49:14-08:00,0,0
style.css,72,css,4340825a,Jessica Batbayar,2025-01-17,00:49:14,-08:00,2025-01-17T00:49:14-08:00,0,18
style.css,73,css,4340825a,Jessica Batbayar,2025-01-17,00:49:14,-08:00,2025-01-17T00:49:14-08:00,0,13
style.css,74,css,4340825a,Jessica Batbayar,2025-01-17,00:49:14,-08:00,2025-01-17T00:49:14-08:00,0,27
style.css,75,css,7d05c500,Jessica Batbayar,2025-01-31,11:50:29,-08:00,2025-01-31T11:50:29-08:00,0,16
style.css,76,css,4340825a,Jessica Batbayar,2025-01-17,00:49:14,-08:00,2025-01-17T00:49:14-08:00,0,8
style.css,77,css,4340825a,Jessica Batbayar,2025-01-17,00:49:14,-08:00,2025-01-17T00:49:14-08:00,0,0
style.css,78,css,4340825a,Jessica Batbayar,2025-01-17,00:49:14,-08:00,2025-01-17T00:49:14-08:00,0,0
style.css,79,css,4340825a,Jessica Batbayar,2025-01-17,00:49:14,-08:00,2025-01-17T00:49:14-08:00,0,21
style.css,80,css,4340825a,Jessica Batbayar,2025-01-17,00:49:14,-08:00,2025-01-17T00:49:14-08:00,0,9
style.css,81,css,4340825a,Jessica Batbayar,2025-01-17,00:49:14,-08:00,2025-01-17T00:49:14-08:00,0,0
style.css,82,css,4340825a,Jessica Batbayar,2025-01-17,00:49:14,-08:00,2025-01-17T00:49:14-08:00,0,0
style.css,83,css,7d05c500,Jessica Batbayar,2025-01-31,11:50:29,-08:00,2025-01-31T11:50:29-08:00,0,21
style.css,84,css,7d05c500,Jessica Batbayar,2025-01-31,11:50:29,-08:00,2025-01-31T11:50:29-08:00,0,9
style.css,85,css,7d05c500,Jessica Batbayar,2025-01-31,11:50:29,-08:00,2025-01-31T11:50:29-08:00,0,21
style.css,86,css,42eeedd3,Jessica Batbayar,2025-01-31,13:49:45,-08:00,2025-01-31T13:49:45-08:00,0,17
style.css,87,css,42eeedd3,Jessica Batbayar,2025-01-31,13:49:45,-08:00,2025-01-31T13:49:45-08:00,0,16
style.css,88,css,42eeedd3,Jessica Batbayar,2025-01-31,13:49:45,-08:00,2025-01-31T13:49:45-08:00,0,11
style.css,89,css,a3fd57aa,Jessica Batbayar,2025-02-06,01:14:33,-08:00,2025-02-06T01:14:33-08:00,0,26
style.css,90,css,a3fd57aa,Jessica Batbayar,2025-02-06,01:14:33,-08:00,2025-02-06T01:14:33-08:00,0,41
style.css,91,css,7d05c500,Jessica Batbayar,2025-01-31,11:50:29,-08:00,2025-01-31T11:50:29-08:00,0,0
style.css,92,css,7d05c500,Jessica Batbayar,2025-01-31,11:50:29,-08:00,2025-01-31T11:50:29-08:00,0,0
style.css,93,css,a3fd57aa,Jessica Batbayar,2025-02-06,01:14:33,-08:00,2025-02-06T01:14:33-08:00,0,25
style.css,94,css,42eeedd3,Jessica Batbayar,2025-01-31,13:49:45,-08:00,2025-01-31T13:49:45-08:00,0,11
style.css,95,css,42eeedd3,Jessica Batbayar,2025-01-31,13:49:45,-08:00,2025-01-31T13:49:45-08:00,0,19
style.css,96,css,42eeedd3,Jessica Batbayar,2025-01-31,13:49:45,-08:00,2025-01-31T13:49:45-08:00,0,17
style.css,97,css,42eeedd3,Jessica Batbayar,2025-01-31,13:49:45,-08:00,2025-01-31T13:49:45-08:00,0,17
style.css,98,css,a3fd57aa,Jessica Batbayar,2025-02-06,01:14:33,-08:00,2025-02-06T01:14:33-08:00,0,3
style.css,99,css,4340825a,Jessica Batbayar,2025-01-17,00:49:14,-08:00,2025-01-17T00:49:14-08:00,0,3
style.css,100,css,4340825a,Jessica Batbayar,2025-01-17,00:49:14,-08:00,2025-01-17T00:49:14-08:00,0,15
style.css,101,css,4340825a,Jessica Batbayar,2025-01-17,00:49:14,-08:00,2025-01-17T00:49:14-08:00,0,0
style.css,102,css,4340825a,Jessica Batbayar,2025-01-17,00:49:14,-08:00,2025-01-17T00:49:14-08:00,0,0
style.css,103,css,4340825a,Jessica Batbayar,2025-01-17,00:49:14,-08:00,2025-01-17T00:49:14-08:00,0,23
style.css,104,css,4340825a,Jessica Batbayar,2025-01-17,00:49:14,-08:00,2025-01-17T00:49:14-08:00,0,16
style.css,105,css,4340825a,Jessica Batbayar,2025-01-17,00:49:14,-08:00,2025-01-17T00:49:14-08:00,0,18
style.css,106,css,4340825a,Jessica Batbayar,2025-01-17,00:49:14,-08:00,2025-01-17T00:49:14-08:00,0,0
style.css,107,css,3611b340,Jessica Batbayar,2025-01-17,01:05:06,-08:00,2025-01-17T01:05:06-08:00,0,0
style.css,108,css,3611b340,Jessica Batbayar,2025-01-17,01:05:06,-08:00,2025-01-17T01:05:06-08:00,0,8
style.css,109,css,3611b340,Jessica Batbayar,2025-01-17,01:05:06,-08:00,2025-01-17T01:05:06-08:00,0,14
style.css,110,css,3611b340,Jessica Batbayar,2025-01-17,01:05:06,-08:00,2025-01-17T01:05:06-08:00,0,13
style.css,111,css,6dac2d76,Jessica Batbayar,2025-01-23,17:23:11,-08:00,2025-01-23T17:23:11-08:00,0,24
style.css,112,css,3611b340,Jessica Batbayar,2025-01-17,01:05:06,-08:00,2025-01-17T01:05:06-08:00,0,0
style.css,113,css,3611b340,Jessica Batbayar,2025-01-17,01:05:06,-08:00,2025-01-17T01:05:06-08:00,0,0
style.css,114,css,3611b340,Jessica Batbayar,2025-01-17,01:05:06,-08:00,2025-01-17T01:05:06-08:00,0,5
style.css,115,css,3611b340,Jessica Batbayar,2025-01-17,01:05:06,-08:00,2025-01-17T01:05:06-08:00,0,16
style.css,116,css,3611b340,Jessica Batbayar,2025-01-17,01:05:06,-08:00,2025-01-17T01:05:06-08:00,0,14
style.css,117,css,3611b340,Jessica Batbayar,2025-01-17,01:05:06,-08:00,2025-01-17T01:05:06-08:00,0,0
style.css,118,css,3611b340,Jessica Batbayar,2025-01-17,01:05:06,-08:00,2025-01-17T01:05:06-08:00,0,0
style.css,119,css,3611b340,Jessica Batbayar,2025-01-17,01:05:06,-08:00,2025-01-17T01:05:06-08:00,0,6
style.css,120,css,3611b340,Jessica Batbayar,2025-01-17,01:05:06,-08:00,2025-01-17T01:05:06-08:00,0,18
style.css,121,css,ec99d58b,Jessica Batbayar,2025-01-23,15:24:07,-08:00,2025-01-23T15:24:07-08:00,0,0
style.css,122,css,ec99d58b,Jessica Batbayar,2025-01-23,15:24:07,-08:00,2025-01-23T15:24:07-08:00,0,0
style.css,123,css,ec99d58b,Jessica Batbayar,2025-01-23,15:24:07,-08:00,2025-01-23T15:24:07-08:00,0,14
style.css,124,css,ec99d58b,Jessica Batbayar,2025-01-23,15:24:07,-08:00,2025-01-23T15:24:07-08:00,0,18
style.css,125,css,ec99d58b,Jessica Batbayar,2025-01-23,15:24:07,-08:00,2025-01-23T15:24:07-08:00,0,9
style.css,126,css,ec99d58b,Jessica Batbayar,2025-01-23,15:24:07,-08:00,2025-01-23T15:24:07-08:00,0,11
style.css,127,css,ec99d58b,Jessica Batbayar,2025-01-23,15:24:07,-08:00,2025-01-23T15:24:07-08:00,0,17
style.css,128,css,ec99d58b,Jessica Batbayar,2025-01-23,15:24:07,-08:00,2025-01-23T15:24:07-08:00,0,20
style.css,129,css,ec99d58b,Jessica Batbayar,2025-01-23,15:24:07,-08:00,2025-01-23T15:24:07-08:00,0,0
style.css,130,css,c295d8b1,Jessica Batbayar,2025-01-31,11:22:59,-08:00,2025-01-31T11:22:59-08:00,0,0
style.css,131,css,c295d8b1,Jessica Batbayar,2025-01-31,11:22:59,-08:00,2025-01-31T11:22:59-08:00,0,18
style.css,132,css,c295d8b1,Jessica Batbayar,2025-01-31,11:22:59,-08:00,2025-01-31T11:22:59-08:00,0,13
style.css,133,css,c295d8b1,Jessica Batbayar,2025-01-31,11:22:59,-08:00,2025-01-31T11:22:59-08:00,0,37
style.css,134,css,c295d8b1,Jessica Batbayar,2025-01-31,11:22:59,-08:00,2025-01-31T11:22:59-08:00,0,18
style.css,135,css,c295d8b1,Jessica Batbayar,2025-01-31,11:22:59,-08:00,2025-01-31T11:22:59-08:00,0,12
style.css,136,css,c295d8b1,Jessica Batbayar,2025-01-31,11:22:59,-08:00,2025-01-31T11:22:59-08:00,0,15
style.css,137,css,c295d8b1,Jessica Batbayar,2025-01-31,11:22:59,-08:00,2025-01-31T11:22:59-08:00,0,18
style.css,138,css,c295d8b1,Jessica Batbayar,2025-01-31,11:22:59,-08:00,2025-01-31T11:22:59-08:00,0,12
style.css,139,css,c295d8b1,Jessica Batbayar,2025-01-31,11:22:59,-08:00,2025-01-31T11:22:59-08:00,0,0
style.css,140,css,c295d8b1,Jessica Batbayar,2025-01-31,11:22:59,-08:00,2025-01-31T11:22:59-08:00,0,0
style.css,141,css,c295d8b1,Jessica Batbayar,2025-01-31,11:22:59,-08:00,2025-01-31T11:22:59-08:00,0,18
style.css,142,css,c295d8b1,Jessica Batbayar,2025-01-31,11:22:59,-08:00,2025-01-31T11:22:59-08:00,0,11
style.css,143,css,c295d8b1,Jessica Batbayar,2025-01-31,11:22:59,-08:00,2025-01-31T11:22:59-08:00,0,17
style.css,144,css,c295d8b1,Jessica Batbayar,2025-01-31,11:22:59,-08:00,2025-01-31T11:22:59-08:00,0,11
style.css,145,css,c295d8b1,Jessica Batbayar,2025-01-31,11:22:59,-08:00,2025-01-31T11:22:59-08:00,0,25
style.css,146,css,c295d8b1,Jessica Batbayar,2025-01-31,11:22:59,-08:00,2025-01-31T11:22:59-08:00,0,16
style.css,147,css,c295d8b1,Jessica Batbayar,2025-01-31,11:22:59,-08:00,2025-01-31T11:22:59-08:00,0,0
style.css,148,css,c295d8b1,Jessica Batbayar,2025-01-31,11:22:59,-08:00,2025-01-31T11:22:59-08:00,0,0
style.css,149,css,c295d8b1,Jessica Batbayar,2025-01-31,11:22:59,-08:00,2025-01-31T11:22:59-08:00,0,18
style.css,150,css,c295d8b1,Jessica Batbayar,2025-01-31,11:22:59,-08:00,2025-01-31T11:22:59-08:00,0,11
style.css,151,css,c295d8b1,Jessica Batbayar,2025-01-31,11:22:59,-08:00,2025-01-31T11:22:59-08:00,0,9
style.css,152,css,c295d8b1,Jessica Batbayar,2025-01-31,11:22:59,-08:00,2025-01-31T11:22:59-08:00,0,18
style.css,153,css,c295d8b1,Jessica Batbayar,2025-01-31,11:22:59,-08:00,2025-01-31T11:22:59-08:00,0,16
style.css,154,css,a3fd57aa,Jessica Batbayar,2025-02-06,01:14:33,-08:00,2025-02-06T01:14:33-08:00,0,0
style.css,155,css,a3fd57aa,Jessica Batbayar,2025-02-06,01:14:33,-08:00,2025-02-06T01:14:33-08:00,0,0
style.css,156,css,a3fd57aa,Jessica Batbayar,2025-02-06,01:14:33,-08:00,2025-02-06T01:14:33-08:00,0,19
style.css,157,css,a3fd57aa,Jessica Batbayar,2025-02-06,01:14:33,-08:00,2025-02-06T01:14:33-08:00,0,15
style.css,158,css,a3fd57aa,Jessica Batbayar,2025-02-06,01:14:33,-08:00,2025-02-06T01:14:33-08:00,0,17
style.css,159,css,a3fd57aa,Jessica Batbayar,2025-02-06,01:14:33,-08:00,2025-02-06T01:14:33-08:00,0,0
style.css,160,css,a3fd57aa,Jessica Batbayar,2025-02-06,01:14:33,-08:00,2025-02-06T01:14:33-08:00,0,17
style.css,161,css,a3fd57aa,Jessica Batbayar,2025-02-06,01:14:33,-08:00,2025-02-06T01:14:33-08:00,0,0
style.css,162,css,a3fd57aa,Jessica Batbayar,2025-02-06,01:14:33,-08:00,2025-02-06T01:14:33-08:00,0,0
style.css,163,css,a3fd57aa,Jessica Batbayar,2025-02-06,01:14:33,-08:00,2025-02-06T01:14:33-08:00,0,11
style.css,164,css,a3fd57aa,Jessica Batbayar,2025-02-06,01:14:33,-08:00,2025-02-06T01:14:33-08:00,0,13
style.css,165,css,a3fd57aa,Jessica Batbayar,2025-02-06,01:14:33,-08:00,2025-02-06T01:14:33-08:00,0,19
style.css,166,css,a3fd57aa,Jessica Batbayar,2025-02-06,01:14:33,-08:00,2025-02-06T01:14:33-08:00,0,9
style.css,167,css,a3fd57aa,Jessica Batbayar,2025-02-06,01:14:33,-08:00,2025-02-06T01:14:33-08:00,0,23
style.css,168,css,a3fd57aa,Jessica Batbayar,2025-02-06,01:14:33,-08:00,2025-02-06T01:14:33-08:00,0,0
style.css,169,css,a3fd57aa,Jessica Batbayar,2025-02-06,01:14:33,-08:00,2025-02-06T01:14:33-08:00,0,0
style.css,170,css,a3fd57aa,Jessica Batbayar,2025-02-06,01:14:33,-08:00,2025-02-06T01:14:33-08:00,0,8
style.css,171,css,a3fd57aa,Jessica Batbayar,2025-02-06,01:14:33,-08:00,2025-02-06T01:14:33-08:00,0,13
style.css,172,css,a3fd57aa,Jessica Batbayar,2025-02-06,01:14:33,-08:00,2025-02-06T01:14:33-08:00,0,58
style.css,173,css,112bc956,Jessica Batbayar,2025-02-07,14:44:46,-08:00,2025-02-07T14:44:46-08:00,0,21
style.css,174,css,a3fd57aa,Jessica Batbayar,2025-02-06,01:14:33,-08:00,2025-02-06T01:14:33-08:00,0,11
style.css,175,css,a3fd57aa,Jessica Batbayar,2025-02-06,01:14:33,-08:00,2025-02-06T01:14:33-08:00,0,13
style.css,176,css,a3fd57aa,Jessica Batbayar,2025-02-06,01:14:33,-08:00,2025-02-06T01:14:33-08:00,0,22
style.css,177,css,a3fd57aa,Jessica Batbayar,2025-02-06,01:14:33,-08:00,2025-02-06T01:14:33-08:00,0,12
style.css,178,css,a3fd57aa,Jessica Batbayar,2025-02-06,01:14:33,-08:00,2025-02-06T01:14:33-08:00,0,7
style.css,179,css,a3fd57aa,Jessica Batbayar,2025-02-06,01:14:33,-08:00,2025-02-06T01:14:33-08:00,0,0
style.css,180,css,a3fd57aa,Jessica Batbayar,2025-02-06,01:14:33,-08:00,2025-02-06T01:14:33-08:00,0,0
style.css,181,css,a3fd57aa,Jessica Batbayar,2025-02-06,01:14:33,-08:00,2025-02-06T01:14:33-08:00,0,9
style.css,182,css,a3fd57aa,Jessica Batbayar,2025-02-06,01:14:33,-08:00,2025-02-06T01:14:33-08:00,0,13
style.css,183,css,a3fd57aa,Jessica Batbayar,2025-02-06,01:14:33,-08:00,2025-02-06T01:14:33-08:00,0,19
style.css,184,css,a3fd57aa,Jessica Batbayar,2025-02-06,01:14:33,-08:00,2025-02-06T01:14:33-08:00,0,11
style.css,185,css,a3fd57aa,Jessica Batbayar,2025-02-06,01:14:33,-08:00,2025-02-06T01:14:33-08:00,0,0
style.css,186,css,a3fd57aa,Jessica Batbayar,2025-02-06,01:14:33,-08:00,2025-02-06T01:14:33-08:00,0,0
style.css,187,css,a3fd57aa,Jessica Batbayar,2025-02-06,01:14:33,-08:00,2025-02-06T01:14:33-08:00,0,8
style.css,188,css,a3fd57aa,Jessica Batbayar,2025-02-06,01:14:33,-08:00,2025-02-06T01:14:33-08:00,0,11
style.css,189,css,a3fd57aa,Jessica Batbayar,2025-02-06,01:14:33,-08:00,2025-02-06T01:14:33-08:00,0,19
style.css,190,css,a3fd57aa,Jessica Batbayar,2025-02-06,01:14:33,-08:00,2025-02-06T01:14:33-08:00,0,24
style.css,191,css,a3fd57aa,Jessica Batbayar,2025-02-06,01:14:33,-08:00,2025-02-06T01:14:33-08:00,0,18
style.css,192,css,a3fd57aa,Jessica Batbayar,2025-02-06,01:14:33,-08:00,2025-02-06T01:14:33-08:00,0,20
style.css,193,css,a3fd57aa,Jessica Batbayar,2025-02-06,01:14:33,-08:00,2025-02-06T01:14:33-08:00,0,0
style.css,194,css,a3fd57aa,Jessica Batbayar,2025-02-06,01:14:33,-08:00,2025-02-06T01:14:33-08:00,0,0
style.css,195,css,a3fd57aa,Jessica Batbayar,2025-02-06,01:14:33,-08:00,2025-02-06T01:14:33-08:00,0,11
style.css,196,css,a3fd57aa,Jessica Batbayar,2025-02-06,01:14:33,-08:00,2025-02-06T01:14:33-08:00,0,11
style.css,197,css,a3fd57aa,Jessica Batbayar,2025-02-06,01:14:33,-08:00,2025-02-06T01:14:33-08:00,0,12
style.css,198,css,a3fd57aa,Jessica Batbayar,2025-02-06,01:14:33,-08:00,2025-02-06T01:14:33-08:00,0,15
style.css,199,css,a3fd57aa,Jessica Batbayar,2025-02-06,01:14:33,-08:00,2025-02-06T01:14:33-08:00,0,15
style.css,200,css,112bc956,Jessica Batbayar,2025-02-07,14:44:46,-08:00,2025-02-07T14:44:46-08:00,0,0
style.css,201,css,112bc956,Jessica Batbayar,2025-02-07,14:44:46,-08:00,2025-02-07T14:44:46-08:00,0,0
style.css,202,css,112bc956,Jessica Batbayar,2025-02-07,14:44:46,-08:00,2025-02-07T14:44:46-08:00,0,18
style.css,203,css,112bc956,Jessica Batbayar,2025-02-07,14:44:46,-08:00,2025-02-07T14:44:46-08:00,0,17
style.css,204,css,112bc956,Jessica Batbayar,2025-02-07,14:44:46,-08:00,2025-02-07T14:44:46-08:00,0,12
style.css,205,css,112bc956,Jessica Batbayar,2025-02-07,14:44:46,-08:00,2025-02-07T14:44:46-08:00,0,0
style.css,206,css,112bc956,Jessica Batbayar,2025-02-07,14:44:46,-08:00,2025-02-07T14:44:46-08:00,0,0
style.css,207,css,112bc956,Jessica Batbayar,2025-02-07,14:44:46,-08:00,2025-02-07T14:44:46-08:00,0,0
style.css,208,css,112bc956,Jessica Batbayar,2025-02-07,14:44:46,-08:00,2025-02-07T14:44:46-08:00,0,5
style.css,209,css,112bc956,Jessica Batbayar,2025-02-07,14:44:46,-08:00,2025-02-07T14:44:46-08:00,0,17
style.css,210,css,112bc956,Jessica Batbayar,2025-02-07,14:44:46,-08:00,2025-02-07T14:44:46-08:00,0,15
style.css,211,css,112bc956,Jessica Batbayar,2025-02-07,14:44:46,-08:00,2025-02-07T14:44:46-08:00,0,0
style.css,212,css,112bc956,Jessica Batbayar,2025-02-07,14:44:46,-08:00,2025-02-07T14:44:46-08:00,0,0
style.css,213,css,112bc956,Jessica Batbayar,2025-02-07,14:44:46,-08:00,2025-02-07T14:44:46-08:00,0,10
style.css,214,css,112bc956,Jessica Batbayar,2025-02-07,14:44:46,-08:00,2025-02-07T14:44:46-08:00,0,42
style.css,215,css,112bc956,Jessica Batbayar,2025-02-07,14:44:46,-08:00,2025-02-07T14:44:46-08:00,0,0
style.css,216,css,112bc956,Jessica Batbayar,2025-02-07,14:44:46,-08:00,2025-02-07T14:44:46-08:00,0,11
style.css,217,css,112bc956,Jessica Batbayar,2025-02-07,14:44:46,-08:00,2025-02-07T14:44:46-08:00,0,18
style.css,218,css,112bc956,Jessica Batbayar,2025-02-07,14:44:46,-08:00,2025-02-07T14:44:46-08:00,0,0
style.css,219,css,75e081eb,Jessica Batbayar,2025-02-14,13:38:44,-08:00,2025-02-14T13:38:44-08:00,0,0
style.css,220,css,75e081eb,Jessica Batbayar,2025-02-14,13:38:44,-08:00,2025-02-14T13:38:44-08:00,0,0
style.css,221,css,75e081eb,Jessica Batbayar,2025-02-14,13:38:44,-08:00,2025-02-14T13:38:44-08:00,0,10
style.css,222,css,75e081eb,Jessica Batbayar,2025-02-14,13:38:44,-08:00,2025-02-14T13:38:44-08:00,0,13
style.css,223,css,75e081eb,Jessica Batbayar,2025-02-14,13:38:44,-08:00,2025-02-14T13:38:44-08:00,0,37
style.css,224,css,75e081eb,Jessica Batbayar,2025-02-14,13:38:44,-08:00,2025-02-14T13:38:44-08:00,0,18
style.css,225,css,75e081eb,Jessica Batbayar,2025-02-14,13:38:44,-08:00,2025-02-14T13:38:44-08:00,0,12
style.css,226,css,75e081eb,Jessica Batbayar,2025-02-14,13:38:44,-08:00,2025-02-14T13:38:44-08:00,0,0
style.css,227,css,75e081eb,Jessica Batbayar,2025-02-14,13:38:44,-08:00,2025-02-14T13:38:44-08:00,0,0
style.css,228,css,75e081eb,Jessica Batbayar,2025-02-14,13:38:44,-08:00,2025-02-14T13:38:44-08:00,0,10
style.css,229,css,75e081eb,Jessica Batbayar,2025-02-14,13:38:44,-08:00,2025-02-14T13:38:44-08:00,0,11
style.css,230,css,75e081eb,Jessica Batbayar,2025-02-14,13:38:44,-08:00,2025-02-14T13:38:44-08:00,0,17
style.css,231,css,75e081eb,Jessica Batbayar,2025-02-14,13:38:44,-08:00,2025-02-14T13:38:44-08:00,0,11
style.css,232,css,75e081eb,Jessica Batbayar,2025-02-14,13:38:44,-08:00,2025-02-14T13:38:44-08:00,0,25
style.css,233,css,75e081eb,Jessica Batbayar,2025-02-14,13:38:44,-08:00,2025-02-14T13:38:44-08:00,0,16
style.css,234,css,75e081eb,Jessica Batbayar,2025-02-14,13:38:44,-08:00,2025-02-14T13:38:44-08:00,0,0
style.css,235,css,75e081eb,Jessica Batbayar,2025-02-14,13:38:44,-08:00,2025-02-14T13:38:44-08:00,0,0
style.css,236,css,75e081eb,Jessica Batbayar,2025-02-14,13:38:44,-08:00,2025-02-14T13:38:44-08:00,0,10
style.css,237,css,75e081eb,Jessica Batbayar,2025-02-14,13:38:44,-08:00,2025-02-14T13:38:44-08:00,0,11
style.css,238,css,75e081eb,Jessica Batbayar,2025-02-14,13:38:44,-08:00,2025-02-14T13:38:44-08:00,0,9
style.css,239,css,75e081eb,Jessica Batbayar,2025-02-14,13:38:44,-08:00,2025-02-14T13:38:44-08:00,0,17
style.css,240,css,75e081eb,Jessica Batbayar,2025-02-14,13:38:44,-08:00,2025-02-14T13:38:44-08:00,0,16
style.css,241,css,c295d8b1,Jessica Batbayar,2025-01-31,11:22:59,-08:00,2025-01-31T11:22:59-08:00,0,0
index.js,1,js,c295d8b1,Jessica Batbayar,2025-01-31,11:22:59,-08:00,2025-01-31T11:22:59-08:00,0,72
index.js,2,js,c295d8b1,Jessica Batbayar,2025-01-31,11:22:59,-08:00,2025-01-31T11:22:59-08:00,0,0
index.js,3,js,c295d8b1,Jessica Batbayar,2025-01-31,11:22:59,-08:00,2025-01-31T11:22:59-08:00,0,55
index.js,4,js,c295d8b1,Jessica Batbayar,2025-01-31,11:22:59,-08:00,2025-01-31T11:22:59-08:00,0,43
index.js,5,js,c295d8b1,Jessica Batbayar,2025-01-31,11:22:59,-08:00,2025-01-31T11:22:59-08:00,0,0
index.js,6,js,c295d8b1,Jessica Batbayar,2025-01-31,11:22:59,-08:00,2025-01-31T11:22:59-08:00,0,61
index.js,7,js,c295d8b1,Jessica Batbayar,2025-01-31,11:22:59,-08:00,2025-01-31T11:22:59-08:00,0,55
index.js,8,js,c295d8b1,Jessica Batbayar,2025-01-31,11:22:59,-08:00,2025-01-31T11:22:59-08:00,0,0
index.js,9,js,c295d8b1,Jessica Batbayar,2025-01-31,11:22:59,-08:00,2025-01-31T11:22:59-08:00,0,53
index.js,10,js,c295d8b1,Jessica Batbayar,2025-01-31,11:22:59,-08:00,2025-01-31T11:22:59-08:00,0,25
index.js,11,js,c295d8b1,Jessica Batbayar,2025-01-31,11:22:59,-08:00,2025-01-31T11:22:59-08:00,0,0
index.js,12,js,c295d8b1,Jessica Batbayar,2025-01-31,11:22:59,-08:00,2025-01-31T11:22:59-08:00,0,61
index.js,13,js,c295d8b1,Jessica Batbayar,2025-01-31,11:22:59,-08:00,2025-01-31T11:22:59-08:00,0,0
index.js,14,js,c295d8b1,Jessica Batbayar,2025-01-31,11:22:59,-08:00,2025-01-31T11:22:59-08:00,0,18
index.js,15,js,c295d8b1,Jessica Batbayar,2025-01-31,11:22:59,-08:00,2025-01-31T11:22:59-08:00,0,25
index.js,16,js,c295d8b1,Jessica Batbayar,2025-01-31,11:22:59,-08:00,2025-01-31T11:22:59-08:00,0,3
index.js,17,js,c295d8b1,Jessica Batbayar,2025-01-31,11:22:59,-08:00,2025-01-31T11:22:59-08:00,0,56
index.js,18,js,c295d8b1,Jessica Batbayar,2025-01-31,11:22:59,-08:00,2025-01-31T11:22:59-08:00,0,56
index.js,19,js,c295d8b1,Jessica Batbayar,2025-01-31,11:22:59,-08:00,2025-01-31T11:22:59-08:00,0,50
index.js,20,js,c295d8b1,Jessica Batbayar,2025-01-31,11:22:59,-08:00,2025-01-31T11:22:59-08:00,0,50
index.js,21,js,c295d8b1,Jessica Batbayar,2025-01-31,11:22:59,-08:00,2025-01-31T11:22:59-08:00,0,4
index.js,22,js,c295d8b1,Jessica Batbayar,2025-01-31,11:22:59,-08:00,2025-01-31T11:22:59-08:00,0,1
index.js,23,js,6299095d,Jessica Batbayar,2025-01-31,14:08:57,-08:00,2025-01-31T14:08:57-08:00,0,24
index.js,24,js,c295d8b1,Jessica Batbayar,2025-01-31,11:22:59,-08:00,2025-01-31T11:22:59-08:00,0,0
index.html,1,html,cb243222,Jessica Batbayar,2025-01-08,22:01:36,-08:00,2025-01-08T22:01:36-08:00,0,14
index.html,2,html,cb243222,Jessica Batbayar,2025-01-08,22:01:36,-08:00,2025-01-08T22:01:36-08:00,0,15
index.html,3,html,cb243222,Jessica Batbayar,2025-01-08,22:01:36,-08:00,2025-01-08T22:01:36-08:00,0,5
index.html,4,html,cb243222,Jessica Batbayar,2025-01-08,22:01:36,-08:00,2025-01-08T22:01:36-08:00,0,21
index.html,5,html,cb243222,Jessica Batbayar,2025-01-08,22:01:36,-08:00,2025-01-08T22:01:36-08:00,0,69
index.html,6,html,cb243222,Jessica Batbayar,2025-01-08,22:01:36,-08:00,2025-01-08T22:01:36-08:00,0,60
index.html,7,html,2d466a40,Jessica Batbayar,2025-01-16,21:04:21,-08:00,2025-01-16T21:04:21-08:00,0,0
index.html,8,html,933e144b,Jessica Batbayar,2025-01-09,18:02:27,-08:00,2025-01-09T18:02:27-08:00,0,44
index.html,9,html,644cab31,Jessica Batbayar,2025-01-23,12:53:32,-08:00,2025-01-23T12:53:32-08:00,0,46
index.html,10,html,c295d8b1,Jessica Batbayar,2025-01-31,11:22:59,-08:00,2025-01-31T11:22:59-08:00,0,51
index.html,11,html,644cab31,Jessica Batbayar,2025-01-23,12:53:32,-08:00,2025-01-23T12:53:32-08:00,0,0
index.html,12,html,cb243222,Jessica Batbayar,2025-01-08,22:01:36,-08:00,2025-01-08T22:01:36-08:00,0,6
index.html,13,html,cb243222,Jessica Batbayar,2025-01-08,22:01:36,-08:00,2025-01-08T22:01:36-08:00,0,5
index.html,14,html,cb243222,Jessica Batbayar,2025-01-08,22:01:36,-08:00,2025-01-08T22:01:36-08:00,0,24
index.html,15,html,2352e79d,Jessica Batbayar,2025-01-16,22:19:42,-08:00,2025-01-16T22:19:42-08:00,0,174
index.html,16,html,4340825a,Jessica Batbayar,2025-01-17,00:49:14,-08:00,2025-01-17T00:49:14-08:00,0,169
index.html,17,html,c295d8b1,Jessica Batbayar,2025-01-31,11:22:59,-08:00,2025-01-31T11:22:59-08:00,0,23
index.html,18,html,c295d8b1,Jessica Batbayar,2025-01-31,11:22:59,-08:00,2025-01-31T11:22:59-08:00,0,21
index.html,19,html,c295d8b1,Jessica Batbayar,2025-01-31,11:22:59,-08:00,2025-01-31T11:22:59-08:00,0,50
index.html,20,html,c295d8b1,Jessica Batbayar,2025-01-31,11:22:59,-08:00,2025-01-31T11:22:59-08:00,0,5
index.html,21,html,c295d8b1,Jessica Batbayar,2025-01-31,11:22:59,-08:00,2025-01-31T11:22:59-08:00,0,23
index.html,22,html,c295d8b1,Jessica Batbayar,2025-01-31,11:22:59,-08:00,2025-01-31T11:22:59-08:00,0,31
index.html,23,html,cb243222,Jessica Batbayar,2025-01-08,22:01:36,-08:00,2025-01-08T22:01:36-08:00,0,6
index.html,24,html,cb243222,Jessica Batbayar,2025-01-08,22:01:36,-08:00,2025-01-08T22:01:36-08:00,0,6
global.js,1,js,92c62b6c,Jessica Batbayar,2025-01-22,11:29:48,-08:00,2025-01-22T11:29:48-08:00,0,26
global.js,2,js,92c62b6c,Jessica Batbayar,2025-01-22,11:29:48,-08:00,2025-01-22T11:29:48-08:00,0,0
global.js,3,js,92c62b6c,Jessica Batbayar,2025-01-22,11:29:48,-08:00,2025-01-22T11:29:48-08:00,0,42
global.js,4,js,92c62b6c,Jessica Batbayar,2025-01-22,11:29:48,-08:00,2025-01-22T11:29:48-08:00,0,53
global.js,5,js,b880d5f4,Jessica Batbayar,2025-01-23,13:03:44,-08:00,2025-01-23T13:03:44-08:00,0,0
global.js,6,js,fbb2d237,Jessica Batbayar,2025-01-23,13:46:36,-08:00,2025-01-23T13:46:36-08:00,0,31
global.js,7,js,fbb2d237,Jessica Batbayar,2025-01-23,13:46:36,-08:00,2025-01-23T13:46:36-08:00,0,34
global.js,8,js,fbb2d237,Jessica Batbayar,2025-01-23,13:46:36,-08:00,2025-01-23T13:46:36-08:00,0,71
global.js,9,js,fbb2d237,Jessica Batbayar,2025-01-23,13:46:36,-08:00,2025-01-23T13:46:36-08:00,0,4
global.js,10,js,fbb2d237,Jessica Batbayar,2025-01-23,13:46:36,-08:00,2025-01-23T13:46:36-08:00,0,40
global.js,11,js,fbb2d237,Jessica Batbayar,2025-01-23,13:46:36,-08:00,2025-01-23T13:46:36-08:00,0,12
global.js,12,js,307e1264,Jessica Batbayar,2025-01-23,14:32:33,-08:00,2025-01-23T14:32:33-08:00,0,26
global.js,13,js,307e1264,Jessica Batbayar,2025-01-23,14:32:33,-08:00,2025-01-23T14:32:33-08:00,0,39
global.js,14,js,89442ff6,Jessica Batbayar,2025-01-23,16:59:34,-08:00,2025-01-23T16:59:34-08:00,0,42
global.js,15,js,89442ff6,Jessica Batbayar,2025-01-23,16:59:34,-08:00,2025-01-23T16:59:34-08:00,0,37
global.js,16,js,82328439,Jessica Batbayar,2025-02-12,01:00:51,-08:00,2025-02-12T01:00:51-08:00,0,31
global.js,17,js,fbb2d237,Jessica Batbayar,2025-01-23,13:46:36,-08:00,2025-01-23T13:46:36-08:00,0,63
global.js,18,js,fbb2d237,Jessica Batbayar,2025-01-23,13:46:36,-08:00,2025-01-23T13:46:36-08:00,0,1
global.js,19,js,fbb2d237,Jessica Batbayar,2025-01-23,13:46:36,-08:00,2025-01-23T13:46:36-08:00,0,0
global.js,20,js,fbb2d237,Jessica Batbayar,2025-01-23,13:46:36,-08:00,2025-01-23T13:46:36-08:00,0,39
global.js,21,js,fbb2d237,Jessica Batbayar,2025-01-23,13:46:36,-08:00,2025-01-23T13:46:36-08:00,0,26
global.js,22,js,fbb2d237,Jessica Batbayar,2025-01-23,13:46:36,-08:00,2025-01-23T13:46:36-08:00,0,0
global.js,23,js,fbb2d237,Jessica Batbayar,2025-01-23,13:46:36,-08:00,2025-01-23T13:46:36-08:00,0,71
global.js,24,js,fbb2d237,Jessica Batbayar,2025-01-23,13:46:36,-08:00,2025-01-23T13:46:36-08:00,0,0
global.js,25,js,fbb2d237,Jessica Batbayar,2025-01-23,13:46:36,-08:00,2025-01-23T13:46:36-08:00,0,21
global.js,26,js,fbb2d237,Jessica Batbayar,2025-01-23,13:46:36,-08:00,2025-01-23T13:46:36-08:00,0,15
global.js,27,js,fbb2d237,Jessica Batbayar,2025-01-23,13:46:36,-08:00,2025-01-23T13:46:36-08:00,0,19
global.js,28,js,8399f5c1,Jessica Batbayar,2025-01-23,17:14:19,-08:00,2025-01-23T17:14:19-08:00,0,0
global.js,29,js,8399f5c1,Jessica Batbayar,2025-01-23,17:14:19,-08:00,2025-01-23T17:14:19-08:00,0,73
global.js,30,js,fbb2d237,Jessica Batbayar,2025-01-23,13:46:36,-08:00,2025-01-23T13:46:36-08:00,0,0
global.js,31,js,fbb2d237,Jessica Batbayar,2025-01-23,13:46:36,-08:00,2025-01-23T13:46:36-08:00,0,71
global.js,32,js,fbb2d237,Jessica Batbayar,2025-01-23,13:46:36,-08:00,2025-01-23T13:46:36-08:00,0,35
global.js,33,js,fbb2d237,Jessica Batbayar,2025-01-23,13:46:36,-08:00,2025-01-23T13:46:36-08:00,0,12
global.js,34,js,fbb2d237,Jessica Batbayar,2025-01-23,13:46:36,-08:00,2025-01-23T13:46:36-08:00,0,21
global.js,35,js,fbb2d237,Jessica Batbayar,2025-01-23,13:46:36,-08:00,2025-01-23T13:46:36-08:00,0,13
global.js,36,js,fbb2d237,Jessica Batbayar,2025-01-23,13:46:36,-08:00,2025-01-23T13:46:36-08:00,0,0
global.js,37,js,fbb2d237,Jessica Batbayar,2025-01-23,13:46:36,-08:00,2025-01-23T13:46:36-08:00,0,66
global.js,38,js,fbb2d237,Jessica Batbayar,2025-01-23,13:46:36,-08:00,2025-01-23T13:46:36-08:00,0,26
global.js,39,js,fbb2d237,Jessica Batbayar,2025-01-23,13:46:36,-08:00,2025-01-23T13:46:36-08:00,0,0
global.js,40,js,fbb2d237,Jessica Batbayar,2025-01-23,13:46:36,-08:00,2025-01-23T13:46:36-08:00,0,0
global.js,41,js,fbb2d237,Jessica Batbayar,2025-01-23,13:46:36,-08:00,2025-01-23T13:46:36-08:00,0,30
global.js,42,js,fbb2d237,Jessica Batbayar,2025-01-23,13:46:36,-08:00,2025-01-23T13:46:36-08:00,0,19
global.js,43,js,fbb2d237,Jessica Batbayar,2025-01-23,13:46:36,-08:00,2025-01-23T13:46:36-08:00,0,0
global.js,44,js,ec99d58b,Jessica Batbayar,2025-01-23,15:24:07,-08:00,2025-01-23T15:24:07-08:00,0,0
global.js,45,js,ec99d58b,Jessica Batbayar,2025-01-23,15:24:07,-08:00,2025-01-23T15:24:07-08:00,0,0
global.js,46,js,ec99d58b,Jessica Batbayar,2025-01-23,15:24:07,-08:00,2025-01-23T15:24:07-08:00,0,32
global.js,47,js,ec99d58b,Jessica Batbayar,2025-01-23,15:24:07,-08:00,2025-01-23T15:24:07-08:00,0,12
global.js,48,js,ec99d58b,Jessica Batbayar,2025-01-23,15:24:07,-08:00,2025-01-23T15:24:07-08:00,0,0
global.js,49,js,ec99d58b,Jessica Batbayar,2025-01-23,15:24:07,-08:00,2025-01-23T15:24:07-08:00,1,27
global.js,50,js,ec99d58b,Jessica Batbayar,2025-01-23,15:24:07,-08:00,2025-01-23T15:24:07-08:00,2,5
global.js,51,js,ec99d58b,Jessica Batbayar,2025-01-23,15:24:07,-08:00,2025-01-23T15:24:07-08:00,2,7
global.js,52,js,ec99d58b,Jessica Batbayar,2025-01-23,15:24:07,-08:00,2025-01-23T15:24:07-08:00,0,44
global.js,53,js,ec99d58b,Jessica Batbayar,2025-01-23,15:24:07,-08:00,2025-01-23T15:24:07-08:00,0,35
global.js,54,js,ec99d58b,Jessica Batbayar,2025-01-23,15:24:07,-08:00,2025-01-23T15:24:07-08:00,0,33
global.js,55,js,ec99d58b,Jessica Batbayar,2025-01-23,15:24:07,-08:00,2025-01-23T15:24:07-08:00,2,8
global.js,56,js,ec99d58b,Jessica Batbayar,2025-01-23,15:24:07,-08:00,2025-01-23T15:24:07-08:00,1,8
global.js,57,js,ec99d58b,Jessica Batbayar,2025-01-23,15:24:07,-08:00,2025-01-23T15:24:07-08:00,0,1
global.js,58,js,ec99d58b,Jessica Batbayar,2025-01-23,15:24:07,-08:00,2025-01-23T15:24:07-08:00,0,0
global.js,59,js,ec99d58b,Jessica Batbayar,2025-01-23,15:24:07,-08:00,2025-01-23T15:24:07-08:00,0,47
global.js,60,js,ec99d58b,Jessica Batbayar,2025-01-23,15:24:07,-08:00,2025-01-23T15:24:07-08:00,0,0
global.js,61,js,ec99d58b,Jessica Batbayar,2025-01-23,15:24:07,-08:00,2025-01-23T15:24:07-08:00,0,50
global.js,62,js,ec99d58b,Jessica Batbayar,2025-01-23,15:24:07,-08:00,2025-01-23T15:24:07-08:00,0,58
global.js,63,js,ec99d58b,Jessica Batbayar,2025-01-23,15:24:07,-08:00,2025-01-23T15:24:07-08:00,0,78
global.js,64,js,ec99d58b,Jessica Batbayar,2025-01-23,15:24:07,-08:00,2025-01-23T15:24:07-08:00,0,45
global.js,65,js,ec99d58b,Jessica Batbayar,2025-01-23,15:24:07,-08:00,2025-01-23T15:24:07-08:00,0,2
global.js,66,js,ec99d58b,Jessica Batbayar,2025-01-23,15:24:07,-08:00,2025-01-23T15:24:07-08:00,0,0
global.js,67,js,ec99d58b,Jessica Batbayar,2025-01-23,15:24:07,-08:00,2025-01-23T15:24:07-08:00,0,30
global.js,68,js,ec99d58b,Jessica Batbayar,2025-01-23,15:24:07,-08:00,2025-01-23T15:24:07-08:00,0,84
global.js,69,js,ec99d58b,Jessica Batbayar,2025-01-23,15:24:07,-08:00,2025-01-23T15:24:07-08:00,0,39
global.js,70,js,ec99d58b,Jessica Batbayar,2025-01-23,15:24:07,-08:00,2025-01-23T15:24:07-08:00,0,7
global.js,71,js,ec99d58b,Jessica Batbayar,2025-01-23,15:24:07,-08:00,2025-01-23T15:24:07-08:00,0,72
global.js,72,js,556c31bb,Jessica Batbayar,2025-01-23,16:53:47,-08:00,2025-01-23T16:53:47-08:00,0,0
global.js,73,js,556c31bb,Jessica Batbayar,2025-01-23,16:53:47,-08:00,2025-01-23T16:53:47-08:00,0,0
global.js,74,js,27014909,Jessica Batbayar,2025-01-24,13:13:07,-08:00,2025-01-24T13:13:07-08:00,0,43
global.js,75,js,27014909,Jessica Batbayar,2025-01-24,13:13:07,-08:00,2025-01-24T13:13:07-08:00,0,0
global.js,76,js,27014909,Jessica Batbayar,2025-01-24,13:13:07,-08:00,2025-01-24T13:13:07-08:00,0,50
global.js,77,js,27014909,Jessica Batbayar,2025-01-24,13:13:07,-08:00,2025-01-24T13:13:07-08:00,0,0
global.js,78,js,27014909,Jessica Batbayar,2025-01-24,13:13:07,-08:00,2025-01-24T13:13:07-08:00,0,22
global.js,79,js,27014909,Jessica Batbayar,2025-01-24,13:13:07,-08:00,2025-01-24T13:13:07-08:00,0,0
global.js,80,js,27014909,Jessica Batbayar,2025-01-24,13:13:07,-08:00,2025-01-24T13:13:07-08:00,0,31
global.js,81,js,27014909,Jessica Batbayar,2025-01-24,13:13:07,-08:00,2025-01-24T13:13:07-08:00,0,27
global.js,82,js,27014909,Jessica Batbayar,2025-01-24,13:13:07,-08:00,2025-01-24T13:13:07-08:00,0,0
global.js,83,js,27014909,Jessica Batbayar,2025-01-24,13:13:07,-08:00,2025-01-24T13:13:07-08:00,0,32
global.js,84,js,27014909,Jessica Batbayar,2025-01-24,13:13:07,-08:00,2025-01-24T13:13:07-08:00,0,29
global.js,85,js,27014909,Jessica Batbayar,2025-01-24,13:13:07,-08:00,2025-01-24T13:13:07-08:00,0,66
global.js,86,js,27014909,Jessica Batbayar,2025-01-24,13:13:07,-08:00,2025-01-24T13:13:07-08:00,0,27
global.js,87,js,27014909,Jessica Batbayar,2025-01-24,13:13:07,-08:00,2025-01-24T13:13:07-08:00,0,0
global.js,88,js,e2811e48,Jessica Batbayar,2025-01-24,13:20:54,-08:00,2025-01-24T13:20:54-08:00,0,19
global.js,89,js,27014909,Jessica Batbayar,2025-01-24,13:13:07,-08:00,2025-01-24T13:13:07-08:00,0,19
global.js,90,js,7e46361b,Jessica Batbayar,2025-01-31,00:57:31,-08:00,2025-01-31T00:57:31-08:00,0,2
global.js,91,js,7e46361b,Jessica Batbayar,2025-01-31,00:57:31,-08:00,2025-01-31T00:57:31-08:00,0,0
global.js,92,js,7e46361b,Jessica Batbayar,2025-01-31,00:57:31,-08:00,2025-01-31T00:57:31-08:00,0,37
global.js,93,js,7e46361b,Jessica Batbayar,2025-01-31,00:57:31,-08:00,2025-01-31T00:57:31-08:00,0,4
global.js,94,js,98b76688,Jessica Batbayar,2025-01-31,02:59:14,-08:00,2025-01-31T02:59:14-08:00,0,40
global.js,95,js,6299095d,Jessica Batbayar,2025-01-31,14:08:57,-08:00,2025-01-31T14:08:57-08:00,0,28
global.js,96,js,7e46361b,Jessica Batbayar,2025-01-31,00:57:31,-08:00,2025-01-31T00:57:31-08:00,0,33
global.js,97,js,6299095d,Jessica Batbayar,2025-01-31,14:08:57,-08:00,2025-01-31T14:08:57-08:00,0,21
global.js,98,js,7e46361b,Jessica Batbayar,2025-01-31,00:57:31,-08:00,2025-01-31T00:57:31-08:00,0,0
global.js,99,js,7e46361b,Jessica Batbayar,2025-01-31,00:57:31,-08:00,2025-01-31T00:57:31-08:00,0,18
global.js,100,js,7e46361b,Jessica Batbayar,2025-01-31,00:57:31,-08:00,2025-01-31T00:57:31-08:00,0,67
global.js,101,js,7e46361b,Jessica Batbayar,2025-01-31,00:57:31,-08:00,2025-01-31T00:57:31-08:00,0,0
global.js,102,js,7e46361b,Jessica Batbayar,2025-01-31,00:57:31,-08:00,2025-01-31T00:57:31-08:00,0,0
global.js,103,js,7e46361b,Jessica Batbayar,2025-01-31,00:57:31,-08:00,2025-01-31T00:57:31-08:00,0,34
global.js,104,js,98b76688,Jessica Batbayar,2025-01-31,02:59:14,-08:00,2025-01-31T02:59:14-08:00,0,20
global.js,105,js,7e46361b,Jessica Batbayar,2025-01-31,00:57:31,-08:00,2025-01-31T00:57:31-08:00,0,11
global.js,106,js,7e46361b,Jessica Batbayar,2025-01-31,00:57:31,-08:00,2025-01-31T00:57:31-08:00,0,0
global.js,107,js,7e46361b,Jessica Batbayar,2025-01-31,00:57:31,-08:00,2025-01-31T00:57:31-08:00,0,16
global.js,108,js,7e46361b,Jessica Batbayar,2025-01-31,00:57:31,-08:00,2025-01-31T00:57:31-08:00,0,60
global.js,109,js,7e46361b,Jessica Batbayar,2025-01-31,00:57:31,-08:00,2025-01-31T00:57:31-08:00,0,0
global.js,110,js,98b76688,Jessica Batbayar,2025-01-31,02:59:14,-08:00,2025-01-31T02:59:14-08:00,0,0
global.js,111,js,98b76688,Jessica Batbayar,2025-01-31,02:59:14,-08:00,2025-01-31T02:59:14-08:00,0,0
global.js,112,js,98b76688,Jessica Batbayar,2025-01-31,02:59:14,-08:00,2025-01-31T02:59:14-08:00,0,80
global.js,113,js,98b76688,Jessica Batbayar,2025-01-31,02:59:14,-08:00,2025-01-31T02:59:14-08:00,0,24
global.js,114,js,6299095d,Jessica Batbayar,2025-01-31,14:08:57,-08:00,2025-01-31T14:08:57-08:00,0,32
global.js,115,js,6299095d,Jessica Batbayar,2025-01-31,14:08:57,-08:00,2025-01-31T14:08:57-08:00,0,51
global.js,116,js,6299095d,Jessica Batbayar,2025-01-31,14:08:57,-08:00,2025-01-31T14:08:57-08:00,0,39
global.js,117,js,98b76688,Jessica Batbayar,2025-01-31,02:59:14,-08:00,2025-01-31T02:59:14-08:00,0,31
global.js,118,js,98b76688,Jessica Batbayar,2025-01-31,02:59:14,-08:00,2025-01-31T02:59:14-08:00,0,0
global.js,119,js,98b76688,Jessica Batbayar,2025-01-31,02:59:14,-08:00,2025-01-31T02:59:14-08:00,0,32
global.js,120,js,98b76688,Jessica Batbayar,2025-01-31,02:59:14,-08:00,2025-01-31T02:59:14-08:00,0,22
global.js,121,js,98b76688,Jessica Batbayar,2025-01-31,02:59:14,-08:00,2025-01-31T02:59:14-08:00,0,49
global.js,122,js,98b76688,Jessica Batbayar,2025-01-31,02:59:14,-08:00,2025-01-31T02:59:14-08:00,0,20
global.js,123,js,7d05c500,Jessica Batbayar,2025-01-31,11:50:29,-08:00,2025-01-31T11:50:29-08:00,0,25
global.js,124,js,7d05c500,Jessica Batbayar,2025-01-31,11:50:29,-08:00,2025-01-31T11:50:29-08:00,0,23
global.js,125,js,98b76688,Jessica Batbayar,2025-01-31,02:59:14,-08:00,2025-01-31T02:59:14-08:00,0,50
global.js,126,js,98b76688,Jessica Batbayar,2025-01-31,02:59:14,-08:00,2025-01-31T02:59:14-08:00,0,28
global.js,127,js,98b76688,Jessica Batbayar,2025-01-31,02:59:14,-08:00,2025-01-31T02:59:14-08:00,0,1
global.js,128,js,59ed5ba2,Jessica Batbayar,2025-01-31,13:56:11,-08:00,2025-01-31T13:56:11-08:00,0,0
global.js,129,js,98b76688,Jessica Batbayar,2025-01-31,02:59:14,-08:00,2025-01-31T02:59:14-08:00,0,37
global.js,130,js,98b76688,Jessica Batbayar,2025-01-31,02:59:14,-08:00,2025-01-31T02:59:14-08:00,0,31
global.js,131,js,98b76688,Jessica Batbayar,2025-01-31,02:59:14,-08:00,2025-01-31T02:59:14-08:00,0,0
global.js,132,js,c295d8b1,Jessica Batbayar,2025-01-31,11:22:59,-08:00,2025-01-31T11:22:59-08:00,0,0
global.js,133,js,c295d8b1,Jessica Batbayar,2025-01-31,11:22:59,-08:00,2025-01-31T11:22:59-08:00,0,48
global.js,134,js,c295d8b1,Jessica Batbayar,2025-01-31,11:22:59,-08:00,2025-01-31T11:22:59-08:00,0,60
global.js,135,js,7e46361b,Jessica Batbayar,2025-01-31,00:57:31,-08:00,2025-01-31T00:57:31-08:00,0,0
resume/cv.html,1,html,1a3c61e4,Jessica Batbayar,2025-01-09,20:41:27,-08:00,2025-01-09T20:41:27-08:00,0,14
resume/cv.html,2,html,1a3c61e4,Jessica Batbayar,2025-01-09,20:41:27,-08:00,2025-01-09T20:41:27-08:00,0,15
resume/cv.html,3,html,1a3c61e4,Jessica Batbayar,2025-01-09,20:41:27,-08:00,2025-01-09T20:41:27-08:00,0,5
resume/cv.html,4,html,1a3c61e4,Jessica Batbayar,2025-01-09,20:41:27,-08:00,2025-01-09T20:41:27-08:00,0,21
resume/cv.html,5,html,1a3c61e4,Jessica Batbayar,2025-01-09,20:41:27,-08:00,2025-01-09T20:41:27-08:00,0,69
resume/cv.html,6,html,1a3c61e4,Jessica Batbayar,2025-01-09,20:41:27,-08:00,2025-01-09T20:41:27-08:00,0,30
resume/cv.html,7,html,3634f6c7,Jessica Batbayar,2025-01-16,22:13:05,-08:00,2025-01-16T22:13:05-08:00,0,42
resume/cv.html,8,html,644cab31,Jessica Batbayar,2025-01-23,12:53:32,-08:00,2025-01-23T12:53:32-08:00,0,49
resume/cv.html,9,html,644cab31,Jessica Batbayar,2025-01-23,12:53:32,-08:00,2025-01-23T12:53:32-08:00,0,0
resume/cv.html,10,html,1a3c61e4,Jessica Batbayar,2025-01-09,20:41:27,-08:00,2025-01-09T20:41:27-08:00,0,6
resume/cv.html,11,html,1a3c61e4,Jessica Batbayar,2025-01-09,20:41:27,-08:00,2025-01-09T20:41:27-08:00,0,5
resume/cv.html,12,html,1a3c61e4,Jessica Batbayar,2025-01-09,20:41:27,-08:00,2025-01-09T20:41:27-08:00,0,20
resume/cv.html,13,html,1a3c61e4,Jessica Batbayar,2025-01-09,20:41:27,-08:00,2025-01-09T20:41:27-08:00,0,0
resume/cv.html,14,html,1a3c61e4,Jessica Batbayar,2025-01-09,20:41:27,-08:00,2025-01-09T20:41:27-08:00,0,8
resume/cv.html,15,html,1a3c61e4,Jessica Batbayar,2025-01-09,20:41:27,-08:00,2025-01-09T20:41:27-08:00,0,7
resume/cv.html,16,html,1a3c61e4,Jessica Batbayar,2025-01-09,20:41:27,-08:00,2025-01-09T20:41:27-08:00,0,27
resume/cv.html,17,html,1a3c61e4,Jessica Batbayar,2025-01-09,20:41:27,-08:00,2025-01-09T20:41:27-08:00,0,8
resume/cv.html,18,html,1a3c61e4,Jessica Batbayar,2025-01-09,20:41:27,-08:00,2025-01-09T20:41:27-08:00,0,22
resume/cv.html,19,html,1a3c61e4,Jessica Batbayar,2025-01-09,20:41:27,-08:00,2025-01-09T20:41:27-08:00,0,71
resume/cv.html,20,html,1a3c61e4,Jessica Batbayar,2025-01-09,20:41:27,-08:00,2025-01-09T20:41:27-08:00,0,27
resume/cv.html,21,html,1a3c61e4,Jessica Batbayar,2025-01-09,20:41:27,-08:00,2025-01-09T20:41:27-08:00,0,83
resume/cv.html,22,html,1a3c61e4,Jessica Batbayar,2025-01-09,20:41:27,-08:00,2025-01-09T20:41:27-08:00,0,0
resume/cv.html,23,html,1a3c61e4,Jessica Batbayar,2025-01-09,20:41:27,-08:00,2025-01-09T20:41:27-08:00,0,9
resume/cv.html,24,html,1a3c61e4,Jessica Batbayar,2025-01-09,20:41:27,-08:00,2025-01-09T20:41:27-08:00,0,0
resume/cv.html,25,html,1a3c61e4,Jessica Batbayar,2025-01-09,20:41:27,-08:00,2025-01-09T20:41:27-08:00,0,8
resume/cv.html,26,html,1a3c61e4,Jessica Batbayar,2025-01-09,20:41:27,-08:00,2025-01-09T20:41:27-08:00,0,7
resume/cv.html,27,html,1a3c61e4,Jessica Batbayar,2025-01-09,20:41:27,-08:00,2025-01-09T20:41:27-08:00,0,17
resume/cv.html,28,html,1a3c61e4,Jessica Batbayar,2025-01-09,20:41:27,-08:00,2025-01-09T20:41:27-08:00,0,8
resume/cv.html,29,html,1a3c61e4,Jessica Batbayar,2025-01-09,20:41:27,-08:00,2025-01-09T20:41:27-08:00,0,8
resume/cv.html,30,html,1a3c61e4,Jessica Batbayar,2025-01-09,20:41:27,-08:00,2025-01-09T20:41:27-08:00,0,43
resume/cv.html,31,html,1a3c61e4,Jessica Batbayar,2025-01-09,20:41:27,-08:00,2025-01-09T20:41:27-08:00,0,41
resume/cv.html,32,html,1a3c61e4,Jessica Batbayar,2025-01-09,20:41:27,-08:00,2025-01-09T20:41:27-08:00,0,38
resume/cv.html,33,html,1a3c61e4,Jessica Batbayar,2025-01-09,20:41:27,-08:00,2025-01-09T20:41:27-08:00,0,9
resume/cv.html,34,html,1a3c61e4,Jessica Batbayar,2025-01-09,20:41:27,-08:00,2025-01-09T20:41:27-08:00,0,9
resume/cv.html,35,html,1a3c61e4,Jessica Batbayar,2025-01-09,20:41:27,-08:00,2025-01-09T20:41:27-08:00,0,0
resume/cv.html,36,html,1a3c61e4,Jessica Batbayar,2025-01-09,20:41:27,-08:00,2025-01-09T20:41:27-08:00,0,8
resume/cv.html,37,html,1a3c61e4,Jessica Batbayar,2025-01-09,20:41:27,-08:00,2025-01-09T20:41:27-08:00,0,7
resume/cv.html,38,html,1a3c61e4,Jessica Batbayar,2025-01-09,20:41:27,-08:00,2025-01-09T20:41:27-08:00,0,18
resume/cv.html,39,html,1a3c61e4,Jessica Batbayar,2025-01-09,20:41:27,-08:00,2025-01-09T20:41:27-08:00,0,8
resume/cv.html,40,html,1a3c61e4,Jessica Batbayar,2025-01-09,20:41:27,-08:00,2025-01-09T20:41:27-08:00,0,8
resume/cv.html,41,html,1a3c61e4,Jessica Batbayar,2025-01-09,20:41:27,-08:00,2025-01-09T20:41:27-08:00,0,14
resume/cv.html,42,html,1a3c61e4,Jessica Batbayar,2025-01-09,20:41:27,-08:00,2025-01-09T20:41:27-08:00,0,14
resume/cv.html,43,html,1a3c61e4,Jessica Batbayar,2025-01-09,20:41:27,-08:00,2025-01-09T20:41:27-08:00,0,35
resume/cv.html,44,html,1a3c61e4,Jessica Batbayar,2025-01-09,20:41:27,-08:00,2025-01-09T20:41:27-08:00,0,3
resume/cv.html,45,html,1a3c61e4,Jessica Batbayar,2025-01-09,20:41:27,-08:00,2025-01-09T20:41:27-08:00,0,71
resume/cv.html,46,html,1a3c61e4,Jessica Batbayar,2025-01-09,20:41:27,-08:00,2025-01-09T20:41:27-08:00,0,158
resume/cv.html,47,html,1a3c61e4,Jessica Batbayar,2025-01-09,20:41:27,-08:00,2025-01-09T20:41:27-08:00,0,193
resume/cv.html,48,html,1a3c61e4,Jessica Batbayar,2025-01-09,20:41:27,-08:00,2025-01-09T20:41:27-08:00,0,148
resume/cv.html,49,html,1a3c61e4,Jessica Batbayar,2025-01-09,20:41:27,-08:00,2025-01-09T20:41:27-08:00,0,198
resume/cv.html,50,html,1a3c61e4,Jessica Batbayar,2025-01-09,20:41:27,-08:00,2025-01-09T20:41:27-08:00,0,255
resume/cv.html,51,html,1a3c61e4,Jessica Batbayar,2025-01-09,20:41:27,-08:00,2025-01-09T20:41:27-08:00,0,4
resume/cv.html,52,html,1a3c61e4,Jessica Batbayar,2025-01-09,20:41:27,-08:00,2025-01-09T20:41:27-08:00,0,0
resume/cv.html,53,html,1a3c61e4,Jessica Batbayar,2025-01-09,20:41:27,-08:00,2025-01-09T20:41:27-08:00,0,9
resume/cv.html,54,html,1a3c61e4,Jessica Batbayar,2025-01-09,20:41:27,-08:00,2025-01-09T20:41:27-08:00,0,8
resume/cv.html,55,html,1a3c61e4,Jessica Batbayar,2025-01-09,20:41:27,-08:00,2025-01-09T20:41:27-08:00,0,45
resume/cv.html,56,html,1a3c61e4,Jessica Batbayar,2025-01-09,20:41:27,-08:00,2025-01-09T20:41:27-08:00,0,17
resume/cv.html,57,html,1a3c61e4,Jessica Batbayar,2025-01-09,20:41:27,-08:00,2025-01-09T20:41:27-08:00,0,38
resume/cv.html,58,html,1a3c61e4,Jessica Batbayar,2025-01-09,20:41:27,-08:00,2025-01-09T20:41:27-08:00,0,3
resume/cv.html,59,html,1a3c61e4,Jessica Batbayar,2025-01-09,20:41:27,-08:00,2025-01-09T20:41:27-08:00,0,349
resume/cv.html,60,html,1a3c61e4,Jessica Batbayar,2025-01-09,20:41:27,-08:00,2025-01-09T20:41:27-08:00,0,130
resume/cv.html,61,html,1a3c61e4,Jessica Batbayar,2025-01-09,20:41:27,-08:00,2025-01-09T20:41:27-08:00,0,113
resume/cv.html,62,html,1a3c61e4,Jessica Batbayar,2025-01-09,20:41:27,-08:00,2025-01-09T20:41:27-08:00,0,274
resume/cv.html,63,html,1a3c61e4,Jessica Batbayar,2025-01-09,20:41:27,-08:00,2025-01-09T20:41:27-08:00,0,4
resume/cv.html,64,html,1a3c61e4,Jessica Batbayar,2025-01-09,20:41:27,-08:00,2025-01-09T20:41:27-08:00,0,9
resume/cv.html,65,html,1a3c61e4,Jessica Batbayar,2025-01-09,20:41:27,-08:00,2025-01-09T20:41:27-08:00,0,8
resume/cv.html,66,html,1a3c61e4,Jessica Batbayar,2025-01-09,20:41:27,-08:00,2025-01-09T20:41:27-08:00,0,29
resume/cv.html,67,html,1a3c61e4,Jessica Batbayar,2025-01-09,20:41:27,-08:00,2025-01-09T20:41:27-08:00,0,29
resume/cv.html,68,html,1a3c61e4,Jessica Batbayar,2025-01-09,20:41:27,-08:00,2025-01-09T20:41:27-08:00,0,30
resume/cv.html,69,html,1a3c61e4,Jessica Batbayar,2025-01-09,20:41:27,-08:00,2025-01-09T20:41:27-08:00,0,9
resume/cv.html,70,html,1a3c61e4,Jessica Batbayar,2025-01-09,20:41:27,-08:00,2025-01-09T20:41:27-08:00,0,9
resume/cv.html,71,html,1a3c61e4,Jessica Batbayar,2025-01-09,20:41:27,-08:00,2025-01-09T20:41:27-08:00,0,0
resume/cv.html,72,html,1a3c61e4,Jessica Batbayar,2025-01-09,20:41:27,-08:00,2025-01-09T20:41:27-08:00,0,8
resume/cv.html,73,html,1a3c61e4,Jessica Batbayar,2025-01-09,20:41:27,-08:00,2025-01-09T20:41:27-08:00,0,7
resume/cv.html,74,html,1a3c61e4,Jessica Batbayar,2025-01-09,20:41:27,-08:00,2025-01-09T20:41:27-08:00,0,14
resume/cv.html,75,html,1a3c61e4,Jessica Batbayar,2025-01-09,20:41:27,-08:00,2025-01-09T20:41:27-08:00,0,8
resume/cv.html,76,html,1a3c61e4,Jessica Batbayar,2025-01-09,20:41:27,-08:00,2025-01-09T20:41:27-08:00,0,3
resume/cv.html,77,html,1a3c61e4,Jessica Batbayar,2025-01-09,20:41:27,-08:00,2025-01-09T20:41:27-08:00,0,28
resume/cv.html,78,html,1a3c61e4,Jessica Batbayar,2025-01-09,20:41:27,-08:00,2025-01-09T20:41:27-08:00,0,47
resume/cv.html,79,html,1a3c61e4,Jessica Batbayar,2025-01-09,20:41:27,-08:00,2025-01-09T20:41:27-08:00,0,50
resume/cv.html,80,html,1a3c61e4,Jessica Batbayar,2025-01-09,20:41:27,-08:00,2025-01-09T20:41:27-08:00,0,4
resume/cv.html,81,html,1a3c61e4,Jessica Batbayar,2025-01-09,20:41:27,-08:00,2025-01-09T20:41:27-08:00,0,9
resume/cv.html,82,html,1a3c61e4,Jessica Batbayar,2025-01-09,20:41:27,-08:00,2025-01-09T20:41:27-08:00,0,0
resume/cv.html,83,html,1a3c61e4,Jessica Batbayar,2025-01-09,20:41:27,-08:00,2025-01-09T20:41:27-08:00,0,6
resume/cv.html,84,html,1a3c61e4,Jessica Batbayar,2025-01-09,20:41:27,-08:00,2025-01-09T20:41:27-08:00,0,6
projects/projects.js,1,js,98b76688,Jessica Batbayar,2025-01-31,02:59:14,-08:00,2025-01-31T02:59:14-08:00,0,56
projects/projects.js,2,js,98b76688,Jessica Batbayar,2025-01-31,02:59:14,-08:00,2025-01-31T02:59:14-08:00,0,56
projects/projects.js,3,js,98b76688,Jessica Batbayar,2025-01-31,02:59:14,-08:00,2025-01-31T02:59:14-08:00,0,23
projects/projects.js,4,js,98b76688,Jessica Batbayar,2025-01-31,02:59:14,-08:00,2025-01-31T02:59:14-08:00,0,61
projects/projects.js,5,js,98b76688,Jessica Batbayar,2025-01-31,02:59:14,-08:00,2025-01-31T02:59:14-08:00,0,23
projects/projects.js,6,js,c295d8b1,Jessica Batbayar,2025-01-31,11:22:59,-08:00,2025-01-31T11:22:59-08:00,0,49
projects/projects.js,7,js,98b76688,Jessica Batbayar,2025-01-31,02:59:14,-08:00,2025-01-31T02:59:14-08:00,0,7
projects/projects.js,8,js,98b76688,Jessica Batbayar,2025-01-31,02:59:14,-08:00,2025-01-31T02:59:14-08:00,0,45
projects/projects.js,9,js,98b76688,Jessica Batbayar,2025-01-31,02:59:14,-08:00,2025-01-31T02:59:14-08:00,0,0
projects/projects.js,10,js,98b76688,Jessica Batbayar,2025-01-31,02:59:14,-08:00,2025-01-31T02:59:14-08:00,0,0
projects/projects.js,11,js,98b76688,Jessica Batbayar,2025-01-31,02:59:14,-08:00,2025-01-31T02:59:14-08:00,0,63
projects/projects.js,12,js,a3fd57aa,Jessica Batbayar,2025-02-06,01:14:33,-08:00,2025-02-06T01:14:33-08:00,0,57
projects/projects.js,13,js,a3fd57aa,Jessica Batbayar,2025-02-06,01:14:33,-08:00,2025-02-06T01:14:33-08:00,0,0
projects/projects.js,14,js,a3fd57aa,Jessica Batbayar,2025-02-06,01:14:33,-08:00,2025-02-06T01:14:33-08:00,0,64
projects/projects.js,15,js,a3fd57aa,Jessica Batbayar,2025-02-06,01:14:33,-08:00,2025-02-06T01:14:33-08:00,0,0
projects/projects.js,16,js,a3fd57aa,Jessica Batbayar,2025-02-06,01:14:33,-08:00,2025-02-06T01:14:33-08:00,0,26
projects/projects.js,17,js,a3fd57aa,Jessica Batbayar,2025-02-06,01:14:33,-08:00,2025-02-06T01:14:33-08:00,0,20
projects/projects.js,18,js,a3fd57aa,Jessica Batbayar,2025-02-06,01:14:33,-08:00,2025-02-06T01:14:33-08:00,0,28
projects/projects.js,19,js,a3fd57aa,Jessica Batbayar,2025-02-06,01:14:33,-08:00,2025-02-06T01:14:33-08:00,0,5
projects/projects.js,20,js,a3fd57aa,Jessica Batbayar,2025-02-06,01:14:33,-08:00,2025-02-06T01:14:33-08:00,0,0
projects/projects.js,21,js,a3fd57aa,Jessica Batbayar,2025-02-06,01:14:33,-08:00,2025-02-06T01:14:33-08:00,0,69
projects/projects.js,22,js,a3fd57aa,Jessica Batbayar,2025-02-06,01:14:33,-08:00,2025-02-06T01:14:33-08:00,0,16
projects/projects.js,23,js,a3fd57aa,Jessica Batbayar,2025-02-06,01:14:33,-08:00,2025-02-06T01:14:33-08:00,0,0
projects/projects.js,24,js,a3fd57aa,Jessica Batbayar,2025-02-06,01:14:33,-08:00,2025-02-06T01:14:33-08:00,0,23
projects/projects.js,25,js,a3fd57aa,Jessica Batbayar,2025-02-06,01:14:33,-08:00,2025-02-06T01:14:33-08:00,0,15
projects/projects.js,26,js,a3fd57aa,Jessica Batbayar,2025-02-06,01:14:33,-08:00,2025-02-06T01:14:33-08:00,0,3
projects/projects.js,27,js,a3fd57aa,Jessica Batbayar,2025-02-06,01:14:33,-08:00,2025-02-06T01:14:33-08:00,0,0
projects/projects.js,28,js,a3fd57aa,Jessica Batbayar,2025-02-06,01:14:33,-08:00,2025-02-06T01:14:33-08:00,0,16
projects/projects.js,29,js,a3fd57aa,Jessica Batbayar,2025-02-06,01:14:33,-08:00,2025-02-06T01:14:33-08:00,0,19
projects/projects.js,30,js,a3fd57aa,Jessica Batbayar,2025-02-06,01:14:33,-08:00,2025-02-06T01:14:33-08:00,0,0
projects/projects.js,31,js,a3fd57aa,Jessica Batbayar,2025-02-06,01:14:33,-08:00,2025-02-06T01:14:33-08:00,0,23
projects/projects.js,32,js,a3fd57aa,Jessica Batbayar,2025-02-06,01:14:33,-08:00,2025-02-06T01:14:33-08:00,0,53
projects/projects.js,33,js,a3fd57aa,Jessica Batbayar,2025-02-06,01:14:33,-08:00,2025-02-06T01:14:33-08:00,0,50
projects/projects.js,34,js,a3fd57aa,Jessica Batbayar,2025-02-06,01:14:33,-08:00,2025-02-06T01:14:33-08:00,0,21
projects/projects.js,35,js,a3fd57aa,Jessica Batbayar,2025-02-06,01:14:33,-08:00,2025-02-06T01:14:33-08:00,0,3
projects/projects.js,36,js,a3fd57aa,Jessica Batbayar,2025-02-06,01:14:33,-08:00,2025-02-06T01:14:33-08:00,0,0
projects/projects.js,37,js,a3fd57aa,Jessica Batbayar,2025-02-06,01:14:33,-08:00,2025-02-06T01:14:33-08:00,0,0
projects/projects.js,38,js,a3fd57aa,Jessica Batbayar,2025-02-06,01:14:33,-08:00,2025-02-06T01:14:33-08:00,0,20
projects/projects.js,39,js,a3fd57aa,Jessica Batbayar,2025-02-06,01:14:33,-08:00,2025-02-06T01:14:33-08:00,0,32
projects/projects.js,40,js,a3fd57aa,Jessica Batbayar,2025-02-06,01:14:33,-08:00,2025-02-06T01:14:33-08:00,0,14
projects/projects.js,41,js,a3fd57aa,Jessica Batbayar,2025-02-06,01:14:33,-08:00,2025-02-06T01:14:33-08:00,0,36
projects/projects.js,42,js,a3fd57aa,Jessica Batbayar,2025-02-06,01:14:33,-08:00,2025-02-06T01:14:33-08:00,0,37
projects/projects.js,43,js,a3fd57aa,Jessica Batbayar,2025-02-06,01:14:33,-08:00,2025-02-06T01:14:33-08:00,0,36
projects/projects.js,44,js,a3fd57aa,Jessica Batbayar,2025-02-06,01:14:33,-08:00,2025-02-06T01:14:33-08:00,0,35
projects/projects.js,45,js,a3fd57aa,Jessica Batbayar,2025-02-06,01:14:33,-08:00,2025-02-06T01:14:33-08:00,0,35
projects/projects.js,46,js,a3fd57aa,Jessica Batbayar,2025-02-06,01:14:33,-08:00,2025-02-06T01:14:33-08:00,0,38
projects/projects.js,47,js,a3fd57aa,Jessica Batbayar,2025-02-06,01:14:33,-08:00,2025-02-06T01:14:33-08:00,0,4
projects/projects.js,48,js,a3fd57aa,Jessica Batbayar,2025-02-06,01:14:33,-08:00,2025-02-06T01:14:33-08:00,0,0
projects/projects.js,49,js,a3fd57aa,Jessica Batbayar,2025-02-06,01:14:33,-08:00,2025-02-06T01:14:33-08:00,0,32
projects/projects.js,50,js,a3fd57aa,Jessica Batbayar,2025-02-06,01:14:33,-08:00,2025-02-06T01:14:33-08:00,0,58
projects/projects.js,51,js,a3fd57aa,Jessica Batbayar,2025-02-06,01:14:33,-08:00,2025-02-06T01:14:33-08:00,0,48
projects/projects.js,52,js,112bc956,Jessica Batbayar,2025-02-07,14:44:46,-08:00,2025-02-07T14:44:46-08:00,0,0
projects/projects.js,53,js,112bc956,Jessica Batbayar,2025-02-07,14:44:46,-08:00,2025-02-07T14:44:46-08:00,0,0
projects/projects.js,54,js,a3fd57aa,Jessica Batbayar,2025-02-06,01:14:33,-08:00,2025-02-06T01:14:33-08:00,0,14
projects/projects.js,55,js,a3fd57aa,Jessica Batbayar,2025-02-06,01:14:33,-08:00,2025-02-06T01:14:33-08:00,0,79
projects/projects.js,56,js,112bc956,Jessica Batbayar,2025-02-07,14:44:46,-08:00,2025-02-07T14:44:46-08:00,0,27
projects/projects.js,57,js,112bc956,Jessica Batbayar,2025-02-07,14:44:46,-08:00,2025-02-07T14:44:46-08:00,0,8
projects/projects.js,58,js,112bc956,Jessica Batbayar,2025-02-07,14:44:46,-08:00,2025-02-07T14:44:46-08:00,0,15
projects/projects.js,59,js,112bc956,Jessica Batbayar,2025-02-07,14:44:46,-08:00,2025-02-07T14:44:46-08:00,0,13
projects/projects.js,60,js,112bc956,Jessica Batbayar,2025-02-07,14:44:46,-08:00,2025-02-07T14:44:46-08:00,0,1
projects/projects.js,61,js,112bc956,Jessica Batbayar,2025-02-07,14:44:46,-08:00,2025-02-07T14:44:46-08:00,0,0
projects/projects.js,62,js,112bc956,Jessica Batbayar,2025-02-07,14:44:46,-08:00,2025-02-07T14:44:46-08:00,0,45
projects/projects.js,63,js,112bc956,Jessica Batbayar,2025-02-07,14:44:46,-08:00,2025-02-07T14:44:46-08:00,0,36
projects/projects.js,64,js,112bc956,Jessica Batbayar,2025-02-07,14:44:46,-08:00,2025-02-07T14:44:46-08:00,0,2
projects/projects.js,65,js,a3fd57aa,Jessica Batbayar,2025-02-06,01:14:33,-08:00,2025-02-06T01:14:33-08:00,0,0
projects/projects.js,66,js,a3fd57aa,Jessica Batbayar,2025-02-06,01:14:33,-08:00,2025-02-06T01:14:33-08:00,0,20
projects/projects.js,67,js,a3fd57aa,Jessica Batbayar,2025-02-06,01:14:33,-08:00,2025-02-06T01:14:33-08:00,0,0
projects/projects.js,68,js,112bc956,Jessica Batbayar,2025-02-07,14:44:46,-08:00,2025-02-07T14:44:46-08:00,0,51
projects/projects.js,69,js,a3fd57aa,Jessica Batbayar,2025-02-06,01:14:33,-08:00,2025-02-06T01:14:33-08:00,0,0
projects/projects.js,70,js,112bc956,Jessica Batbayar,2025-02-07,14:44:46,-08:00,2025-02-07T14:44:46-08:00,0,34
projects/projects.js,71,js,112bc956,Jessica Batbayar,2025-02-07,14:44:46,-08:00,2025-02-07T14:44:46-08:00,0,46
projects/projects.js,72,js,a3fd57aa,Jessica Batbayar,2025-02-06,01:14:33,-08:00,2025-02-06T01:14:33-08:00,0,0
projects/projects.js,73,js,a3fd57aa,Jessica Batbayar,2025-02-06,01:14:33,-08:00,2025-02-06T01:14:33-08:00,0,30
projects/projects.js,74,js,a3fd57aa,Jessica Batbayar,2025-02-06,01:14:33,-08:00,2025-02-06T01:14:33-08:00,0,22
projects/projects.js,75,js,a3fd57aa,Jessica Batbayar,2025-02-06,01:14:33,-08:00,2025-02-06T01:14:33-08:00,0,23
projects/projects.js,76,js,a3fd57aa,Jessica Batbayar,2025-02-06,01:14:33,-08:00,2025-02-06T01:14:33-08:00,0,23
projects/projects.js,77,js,a3fd57aa,Jessica Batbayar,2025-02-06,01:14:33,-08:00,2025-02-06T01:14:33-08:00,0,108
projects/projects.js,78,js,a3fd57aa,Jessica Batbayar,2025-02-06,01:14:33,-08:00,2025-02-06T01:14:33-08:00,0,4
projects/projects.js,79,js,a3fd57aa,Jessica Batbayar,2025-02-06,01:14:33,-08:00,2025-02-06T01:14:33-08:00,0,0
projects/projects.js,80,js,a3fd57aa,Jessica Batbayar,2025-02-06,01:14:33,-08:00,2025-02-06T01:14:33-08:00,0,36
projects/projects.js,81,js,a3fd57aa,Jessica Batbayar,2025-02-06,01:14:33,-08:00,2025-02-06T01:14:33-08:00,0,28
projects/projects.js,82,js,a3fd57aa,Jessica Batbayar,2025-02-06,01:14:33,-08:00,2025-02-06T01:14:33-08:00,0,25
projects/projects.js,83,js,a3fd57aa,Jessica Batbayar,2025-02-06,01:14:33,-08:00,2025-02-06T01:14:33-08:00,0,107
projects/projects.js,84,js,a3fd57aa,Jessica Batbayar,2025-02-06,01:14:33,-08:00,2025-02-06T01:14:33-08:00,0,37
projects/projects.js,85,js,a3fd57aa,Jessica Batbayar,2025-02-06,01:14:33,-08:00,2025-02-06T01:14:33-08:00,0,113
projects/projects.js,86,js,a3fd57aa,Jessica Batbayar,2025-02-06,01:14:33,-08:00,2025-02-06T01:14:33-08:00,0,4
projects/projects.js,87,js,a3fd57aa,Jessica Batbayar,2025-02-06,01:14:33,-08:00,2025-02-06T01:14:33-08:00,0,0
projects/projects.js,88,js,a3fd57aa,Jessica Batbayar,2025-02-06,01:14:33,-08:00,2025-02-06T01:14:33-08:00,0,16
projects/projects.js,89,js,a3fd57aa,Jessica Batbayar,2025-02-06,01:14:33,-08:00,2025-02-06T01:14:33-08:00,0,14
projects/projects.js,90,js,a3fd57aa,Jessica Batbayar,2025-02-06,01:14:33,-08:00,2025-02-06T01:14:33-08:00,0,54
projects/projects.js,91,js,a3fd57aa,Jessica Batbayar,2025-02-06,01:14:33,-08:00,2025-02-06T01:14:33-08:00,0,53
projects/projects.js,92,js,a3fd57aa,Jessica Batbayar,2025-02-06,01:14:33,-08:00,2025-02-06T01:14:33-08:00,0,25
projects/projects.js,93,js,a3fd57aa,Jessica Batbayar,2025-02-06,01:14:33,-08:00,2025-02-06T01:14:33-08:00,0,31
projects/projects.js,94,js,a3fd57aa,Jessica Batbayar,2025-02-06,01:14:33,-08:00,2025-02-06T01:14:33-08:00,0,22
projects/projects.js,95,js,a3fd57aa,Jessica Batbayar,2025-02-06,01:14:33,-08:00,2025-02-06T01:14:33-08:00,0,57
projects/projects.js,96,js,a3fd57aa,Jessica Batbayar,2025-02-06,01:14:33,-08:00,2025-02-06T01:14:33-08:00,0,67
projects/projects.js,97,js,a3fd57aa,Jessica Batbayar,2025-02-06,01:14:33,-08:00,2025-02-06T01:14:33-08:00,0,50
projects/projects.js,98,js,a3fd57aa,Jessica Batbayar,2025-02-06,01:14:33,-08:00,2025-02-06T01:14:33-08:00,0,7
projects/projects.js,99,js,a3fd57aa,Jessica Batbayar,2025-02-06,01:14:33,-08:00,2025-02-06T01:14:33-08:00,0,31
projects/projects.js,100,js,a3fd57aa,Jessica Batbayar,2025-02-06,01:14:33,-08:00,2025-02-06T01:14:33-08:00,0,62
projects/projects.js,101,js,a3fd57aa,Jessica Batbayar,2025-02-06,01:14:33,-08:00,2025-02-06T01:14:33-08:00,0,5
projects/projects.js,102,js,a3fd57aa,Jessica Batbayar,2025-02-06,01:14:33,-08:00,2025-02-06T01:14:33-08:00,0,0
projects/projects.js,103,js,a3fd57aa,Jessica Batbayar,2025-02-06,01:14:33,-08:00,2025-02-06T01:14:33-08:00,0,39
projects/projects.js,104,js,a3fd57aa,Jessica Batbayar,2025-02-06,01:14:33,-08:00,2025-02-06T01:14:33-08:00,0,26
projects/projects.js,105,js,a3fd57aa,Jessica Batbayar,2025-02-06,01:14:33,-08:00,2025-02-06T01:14:33-08:00,0,30
projects/projects.js,106,js,a3fd57aa,Jessica Batbayar,2025-02-06,01:14:33,-08:00,2025-02-06T01:14:33-08:00,0,13
projects/projects.js,107,js,a3fd57aa,Jessica Batbayar,2025-02-06,01:14:33,-08:00,2025-02-06T01:14:33-08:00,0,15
projects/projects.js,108,js,a3fd57aa,Jessica Batbayar,2025-02-06,01:14:33,-08:00,2025-02-06T01:14:33-08:00,0,13
projects/projects.js,109,js,a3fd57aa,Jessica Batbayar,2025-02-06,01:14:33,-08:00,2025-02-06T01:14:33-08:00,0,1
projects/projects.js,110,js,a3fd57aa,Jessica Batbayar,2025-02-06,01:14:33,-08:00,2025-02-06T01:14:33-08:00,0,0
projects/projects.js,111,js,a3fd57aa,Jessica Batbayar,2025-02-06,01:14:33,-08:00,2025-02-06T01:14:33-08:00,0,19
projects/projects.js,112,js,a3fd57aa,Jessica Batbayar,2025-02-06,01:14:33,-08:00,2025-02-06T01:14:33-08:00,0,51
projects/projects.js,113,js,a3fd57aa,Jessica Batbayar,2025-02-06,01:14:33,-08:00,2025-02-06T01:14:33-08:00,0,36
projects/projects.js,114,js,a3fd57aa,Jessica Batbayar,2025-02-06,01:14:33,-08:00,2025-02-06T01:14:33-08:00,0,2
projects/projects.js,115,js,a3fd57aa,Jessica Batbayar,2025-02-06,01:14:33,-08:00,2025-02-06T01:14:33-08:00,0,0
projects/projects.js,116,js,a3fd57aa,Jessica Batbayar,2025-02-06,01:14:33,-08:00,2025-02-06T01:14:33-08:00,0,51
projects/projects.js,117,js,a3fd57aa,Jessica Batbayar,2025-02-06,01:14:33,-08:00,2025-02-06T01:14:33-08:00,0,52
projects/projects.js,118,js,a3fd57aa,Jessica Batbayar,2025-02-06,01:14:33,-08:00,2025-02-06T01:14:33-08:00,0,43
projects/projects.js,119,js,a3fd57aa,Jessica Batbayar,2025-02-06,01:14:33,-08:00,2025-02-06T01:14:33-08:00,0,52
projects/projects.js,120,js,a3fd57aa,Jessica Batbayar,2025-02-06,01:14:33,-08:00,2025-02-06T01:14:33-08:00,0,0
projects/projects.js,121,js,a3fd57aa,Jessica Batbayar,2025-02-06,01:14:33,-08:00,2025-02-06T01:14:33-08:00,0,28
projects/projects.js,122,js,a3fd57aa,Jessica Batbayar,2025-02-06,01:14:33,-08:00,2025-02-06T01:14:33-08:00,0,29
projects/projects.js,123,js,a3fd57aa,Jessica Batbayar,2025-02-06,01:14:33,-08:00,2025-02-06T01:14:33-08:00,0,33
projects/projects.js,124,js,a3fd57aa,Jessica Batbayar,2025-02-06,01:14:33,-08:00,2025-02-06T01:14:33-08:00,0,45
projects/projects.js,125,js,a3fd57aa,Jessica Batbayar,2025-02-06,01:14:33,-08:00,2025-02-06T01:14:33-08:00,0,0
projects/projects.js,126,js,a3fd57aa,Jessica Batbayar,2025-02-06,01:14:33,-08:00,2025-02-06T01:14:33-08:00,0,54
projects/projects.js,127,js,a3fd57aa,Jessica Batbayar,2025-02-06,01:14:33,-08:00,2025-02-06T01:14:33-08:00,0,30
projects/projects.js,128,js,a3fd57aa,Jessica Batbayar,2025-02-06,01:14:33,-08:00,2025-02-06T01:14:33-08:00,0,18
projects/projects.js,129,js,a3fd57aa,Jessica Batbayar,2025-02-06,01:14:33,-08:00,2025-02-06T01:14:33-08:00,0,20
projects/projects.js,130,js,a3fd57aa,Jessica Batbayar,2025-02-06,01:14:33,-08:00,2025-02-06T01:14:33-08:00,0,14
projects/projects.js,131,js,a3fd57aa,Jessica Batbayar,2025-02-06,01:14:33,-08:00,2025-02-06T01:14:33-08:00,0,99
projects/projects.js,132,js,a3fd57aa,Jessica Batbayar,2025-02-06,01:14:33,-08:00,2025-02-06T01:14:33-08:00,0,1
projects/projects.js,133,js,a3fd57aa,Jessica Batbayar,2025-02-06,01:14:33,-08:00,2025-02-06T01:14:33-08:00,0,33
projects/projects.js,134,js,a3fd57aa,Jessica Batbayar,2025-02-06,01:14:33,-08:00,2025-02-06T01:14:33-08:00,0,28
projects/projects.js,135,js,a3fd57aa,Jessica Batbayar,2025-02-06,01:14:33,-08:00,2025-02-06T01:14:33-08:00,0,18
projects/projects.js,136,js,a3fd57aa,Jessica Batbayar,2025-02-06,01:14:33,-08:00,2025-02-06T01:14:33-08:00,0,94
projects/projects.js,137,js,a3fd57aa,Jessica Batbayar,2025-02-06,01:14:33,-08:00,2025-02-06T01:14:33-08:00,0,24
projects/projects.js,138,js,a3fd57aa,Jessica Batbayar,2025-02-06,01:14:33,-08:00,2025-02-06T01:14:33-08:00,0,100
projects/projects.js,139,js,a3fd57aa,Jessica Batbayar,2025-02-06,01:14:33,-08:00,2025-02-06T01:14:33-08:00,0,1
projects/projects.js,140,js,a3fd57aa,Jessica Batbayar,2025-02-06,01:14:33,-08:00,2025-02-06T01:14:33-08:00,0,0
projects/projects.js,141,js,a3fd57aa,Jessica Batbayar,2025-02-06,01:14:33,-08:00,2025-02-06T01:14:33-08:00,0,0
projects/projects.js,142,js,a3fd57aa,Jessica Batbayar,2025-02-06,01:14:33,-08:00,2025-02-06T01:14:33-08:00,0,24
projects/projects.js,143,js,a3fd57aa,Jessica Batbayar,2025-02-06,01:14:33,-08:00,2025-02-06T01:14:33-08:00,0,57
projects/projects.js,144,js,a3fd57aa,Jessica Batbayar,2025-02-06,01:14:33,-08:00,2025-02-06T01:14:33-08:00,0,50
projects/projects.js,145,js,a3fd57aa,Jessica Batbayar,2025-02-06,01:14:33,-08:00,2025-02-06T01:14:33-08:00,0,26
projects/projects.js,146,js,a3fd57aa,Jessica Batbayar,2025-02-06,01:14:33,-08:00,2025-02-06T01:14:33-08:00,0,52
projects/projects.js,147,js,a3fd57aa,Jessica Batbayar,2025-02-06,01:14:33,-08:00,2025-02-06T01:14:33-08:00,0,60
projects/projects.js,148,js,a3fd57aa,Jessica Batbayar,2025-02-06,01:14:33,-08:00,2025-02-06T01:14:33-08:00,0,42
projects/projects.js,149,js,a3fd57aa,Jessica Batbayar,2025-02-06,01:14:33,-08:00,2025-02-06T01:14:33-08:00,0,2
projects/projects.js,150,js,a3fd57aa,Jessica Batbayar,2025-02-06,01:14:33,-08:00,2025-02-06T01:14:33-08:00,0,56
projects/projects.js,151,js,112bc956,Jessica Batbayar,2025-02-07,14:44:46,-08:00,2025-02-07T14:44:46-08:00,0,44
projects/projects.js,152,js,a3fd57aa,Jessica Batbayar,2025-02-06,01:14:33,-08:00,2025-02-06T01:14:33-08:00,0,53
projects/projects.js,153,js,a3fd57aa,Jessica Batbayar,2025-02-06,01:14:33,-08:00,2025-02-06T01:14:33-08:00,0,57
projects/projects.js,154,js,a3fd57aa,Jessica Batbayar,2025-02-06,01:14:33,-08:00,2025-02-06T01:14:33-08:00,0,32
projects/projects.js,155,js,a3fd57aa,Jessica Batbayar,2025-02-06,01:14:33,-08:00,2025-02-06T01:14:33-08:00,0,2
projects/projects.js,156,js,112bc956,Jessica Batbayar,2025-02-07,14:44:46,-08:00,2025-02-07T14:44:46-08:00,0,0
projects/projects.js,157,js,112bc956,Jessica Batbayar,2025-02-07,14:44:46,-08:00,2025-02-07T14:44:46-08:00,0,22
projects/projects.js,158,js,112bc956,Jessica Batbayar,2025-02-07,14:44:46,-08:00,2025-02-07T14:44:46-08:00,0,26
projects/projects.js,159,js,112bc956,Jessica Batbayar,2025-02-07,14:44:46,-08:00,2025-02-07T14:44:46-08:00,0,33
projects/projects.js,160,js,112bc956,Jessica Batbayar,2025-02-07,14:44:46,-08:00,2025-02-07T14:44:46-08:00,0,30
projects/projects.js,161,js,112bc956,Jessica Batbayar,2025-02-07,14:44:46,-08:00,2025-02-07T14:44:46-08:00,0,25
projects/projects.js,162,js,112bc956,Jessica Batbayar,2025-02-07,14:44:46,-08:00,2025-02-07T14:44:46-08:00,0,2
projects/projects.js,163,js,112bc956,Jessica Batbayar,2025-02-07,14:44:46,-08:00,2025-02-07T14:44:46-08:00,0,14
projects/projects.js,164,js,112bc956,Jessica Batbayar,2025-02-07,14:44:46,-08:00,2025-02-07T14:44:46-08:00,0,14
projects/projects.js,165,js,112bc956,Jessica Batbayar,2025-02-07,14:44:46,-08:00,2025-02-07T14:44:46-08:00,0,23
projects/projects.js,166,js,112bc956,Jessica Batbayar,2025-02-07,14:44:46,-08:00,2025-02-07T14:44:46-08:00,0,19
projects/projects.js,167,js,112bc956,Jessica Batbayar,2025-02-07,14:44:46,-08:00,2025-02-07T14:44:46-08:00,0,44
projects/projects.js,168,js,112bc956,Jessica Batbayar,2025-02-07,14:44:46,-08:00,2025-02-07T14:44:46-08:00,0,0
projects/projects.js,169,js,112bc956,Jessica Batbayar,2025-02-07,14:44:46,-08:00,2025-02-07T14:44:46-08:00,0,2
projects/projects.js,170,js,112bc956,Jessica Batbayar,2025-02-07,14:44:46,-08:00,2025-02-07T14:44:46-08:00,0,17
projects/projects.js,171,js,112bc956,Jessica Batbayar,2025-02-07,14:44:46,-08:00,2025-02-07T14:44:46-08:00,0,27
projects/projects.js,172,js,112bc956,Jessica Batbayar,2025-02-07,14:44:46,-08:00,2025-02-07T14:44:46-08:00,0,69
projects/projects.js,173,js,112bc956,Jessica Batbayar,2025-02-07,14:44:46,-08:00,2025-02-07T14:44:46-08:00,0,38
projects/projects.js,174,js,112bc956,Jessica Batbayar,2025-02-07,14:44:46,-08:00,2025-02-07T14:44:46-08:00,0,2
projects/projects.js,175,js,112bc956,Jessica Batbayar,2025-02-07,14:44:46,-08:00,2025-02-07T14:44:46-08:00,0,5
projects/projects.js,176,js,112bc956,Jessica Batbayar,2025-02-07,14:44:46,-08:00,2025-02-07T14:44:46-08:00,0,15
projects/projects.js,177,js,112bc956,Jessica Batbayar,2025-02-07,14:44:46,-08:00,2025-02-07T14:44:46-08:00,0,27
projects/projects.js,178,js,112bc956,Jessica Batbayar,2025-02-07,14:44:46,-08:00,2025-02-07T14:44:46-08:00,0,66
projects/projects.js,179,js,112bc956,Jessica Batbayar,2025-02-07,14:44:46,-08:00,2025-02-07T14:44:46-08:00,0,38
projects/projects.js,180,js,112bc956,Jessica Batbayar,2025-02-07,14:44:46,-08:00,2025-02-07T14:44:46-08:00,0,2
projects/projects.js,181,js,112bc956,Jessica Batbayar,2025-02-07,14:44:46,-08:00,2025-02-07T14:44:46-08:00,0,26
projects/projects.js,182,js,112bc956,Jessica Batbayar,2025-02-07,14:44:46,-08:00,2025-02-07T14:44:46-08:00,0,49
projects/projects.js,183,js,112bc956,Jessica Batbayar,2025-02-07,14:44:46,-08:00,2025-02-07T14:44:46-08:00,0,7
projects/projects.js,184,js,112bc956,Jessica Batbayar,2025-02-07,14:44:46,-08:00,2025-02-07T14:44:46-08:00,0,53
projects/projects.js,185,js,112bc956,Jessica Batbayar,2025-02-07,14:44:46,-08:00,2025-02-07T14:44:46-08:00,0,32
projects/projects.js,186,js,112bc956,Jessica Batbayar,2025-02-07,14:44:46,-08:00,2025-02-07T14:44:46-08:00,0,44
projects/projects.js,187,js,4faf6d57,Jessica Batbayar,2025-02-07,22:58:01,-08:00,2025-02-07T22:58:01-08:00,0,82
projects/projects.js,188,js,112bc956,Jessica Batbayar,2025-02-07,14:44:46,-08:00,2025-02-07T14:44:46-08:00,0,57
projects/projects.js,189,js,112bc956,Jessica Batbayar,2025-02-07,14:44:46,-08:00,2025-02-07T14:44:46-08:00,0,0
projects/projects.js,190,js,112bc956,Jessica Batbayar,2025-02-07,14:44:46,-08:00,2025-02-07T14:44:46-08:00,0,2
projects/projects.js,191,js,112bc956,Jessica Batbayar,2025-02-07,14:44:46,-08:00,2025-02-07T14:44:46-08:00,0,2
projects/projects.js,192,js,112bc956,Jessica Batbayar,2025-02-07,14:44:46,-08:00,2025-02-07T14:44:46-08:00,0,0
projects/index.html,1,html,933e144b,Jessica Batbayar,2025-01-09,18:02:27,-08:00,2025-01-09T18:02:27-08:00,0,14
projects/index.html,2,html,933e144b,Jessica Batbayar,2025-01-09,18:02:27,-08:00,2025-01-09T18:02:27-08:00,0,15
projects/index.html,3,html,933e144b,Jessica Batbayar,2025-01-09,18:02:27,-08:00,2025-01-09T18:02:27-08:00,0,5
projects/index.html,4,html,933e144b,Jessica Batbayar,2025-01-09,18:02:27,-08:00,2025-01-09T18:02:27-08:00,0,21
projects/index.html,5,html,933e144b,Jessica Batbayar,2025-01-09,18:02:27,-08:00,2025-01-09T18:02:27-08:00,0,69
projects/index.html,6,html,933e144b,Jessica Batbayar,2025-01-09,18:02:27,-08:00,2025-01-09T18:02:27-08:00,0,22
projects/index.html,7,html,3634f6c7,Jessica Batbayar,2025-01-16,22:13:05,-08:00,2025-01-16T22:13:05-08:00,0,42
projects/index.html,8,html,98b76688,Jessica Batbayar,2025-01-31,02:59:14,-08:00,2025-01-31T02:59:14-08:00,0,49
projects/index.html,9,html,98b76688,Jessica Batbayar,2025-01-31,02:59:14,-08:00,2025-01-31T02:59:14-08:00,0,48
projects/index.html,10,html,644cab31,Jessica Batbayar,2025-01-23,12:53:32,-08:00,2025-01-23T12:53:32-08:00,0,0
projects/index.html,11,html,933e144b,Jessica Batbayar,2025-01-09,18:02:27,-08:00,2025-01-09T18:02:27-08:00,0,6
projects/index.html,12,html,933e144b,Jessica Batbayar,2025-01-09,18:02:27,-08:00,2025-01-09T18:02:27-08:00,0,5
projects/index.html,13,html,a3fd57aa,Jessica Batbayar,2025-02-06,01:14:33,-08:00,2025-02-06T01:14:33-08:00,0,39
projects/index.html,14,html,a3fd57aa,Jessica Batbayar,2025-02-06,01:14:33,-08:00,2025-02-06T01:14:33-08:00,0,22
projects/index.html,15,html,a3fd57aa,Jessica Batbayar,2025-02-06,01:14:33,-08:00,2025-02-06T01:14:33-08:00,0,53
projects/index.html,16,html,a3fd57aa,Jessica Batbayar,2025-02-06,01:14:33,-08:00,2025-02-06T01:14:33-08:00,0,11
projects/index.html,17,html,a3fd57aa,Jessica Batbayar,2025-02-06,01:14:33,-08:00,2025-02-06T01:14:33-08:00,0,5
projects/index.html,18,html,a3fd57aa,Jessica Batbayar,2025-02-06,01:14:33,-08:00,2025-02-06T01:14:33-08:00,0,18
projects/index.html,19,html,a3fd57aa,Jessica Batbayar,2025-02-06,01:14:33,-08:00,2025-02-06T01:14:33-08:00,0,11
projects/index.html,20,html,a3fd57aa,Jessica Batbayar,2025-02-06,01:14:33,-08:00,2025-02-06T01:14:33-08:00,0,4
projects/index.html,21,html,a3fd57aa,Jessica Batbayar,2025-02-06,01:14:33,-08:00,2025-02-06T01:14:33-08:00,0,5
projects/index.html,22,html,a3fd57aa,Jessica Batbayar,2025-02-06,01:14:33,-08:00,2025-02-06T01:14:33-08:00,0,68
projects/index.html,23,html,a3fd57aa,Jessica Batbayar,2025-02-06,01:14:33,-08:00,2025-02-06T01:14:33-08:00,0,32
projects/index.html,24,html,a3fd57aa,Jessica Batbayar,2025-02-06,01:14:33,-08:00,2025-02-06T01:14:33-08:00,0,5
projects/index.html,25,html,a3fd57aa,Jessica Batbayar,2025-02-06,01:14:33,-08:00,2025-02-06T01:14:33-08:00,0,16
projects/index.html,26,html,a3fd57aa,Jessica Batbayar,2025-02-06,01:14:33,-08:00,2025-02-06T01:14:33-08:00,0,12
projects/index.html,27,html,a3fd57aa,Jessica Batbayar,2025-02-06,01:14:33,-08:00,2025-02-06T01:14:33-08:00,0,27
projects/index.html,28,html,a3fd57aa,Jessica Batbayar,2025-02-06,01:14:33,-08:00,2025-02-06T01:14:33-08:00,0,32
projects/index.html,29,html,a3fd57aa,Jessica Batbayar,2025-02-06,01:14:33,-08:00,2025-02-06T01:14:33-08:00,0,1
projects/index.html,30,html,a3fd57aa,Jessica Batbayar,2025-02-06,01:14:33,-08:00,2025-02-06T01:14:33-08:00,0,0
projects/index.html,31,html,a3fd57aa,Jessica Batbayar,2025-02-06,01:14:33,-08:00,2025-02-06T01:14:33-08:00,0,0
projects/index.html,32,html,a3fd57aa,Jessica Batbayar,2025-02-06,01:14:33,-08:00,2025-02-06T01:14:33-08:00,0,21
projects/index.html,33,html,4340825a,Jessica Batbayar,2025-01-17,00:49:14,-08:00,2025-01-17T00:49:14-08:00,0,5
projects/index.html,34,html,933e144b,Jessica Batbayar,2025-01-09,18:02:27,-08:00,2025-01-09T18:02:27-08:00,0,6
projects/index.html,35,html,933e144b,Jessica Batbayar,2025-01-09,18:02:27,-08:00,2025-01-09T18:02:27-08:00,0,6
meta/main.js,1,js,82328439,Jessica Batbayar,2025-02-12,01:00:51,-08:00,2025-02-12T01:00:51-08:00,0,13
meta/main.js,2,js,75e081eb,Jessica Batbayar,2025-02-14,13:38:44,-08:00,2025-02-14T13:38:44-08:00,0,26
meta/main.js,3,js,75e081eb,Jessica Batbayar,2025-02-14,13:38:44,-08:00,2025-02-14T13:38:44-08:00,0,41
meta/main.js,4,js,75e081eb,Jessica Batbayar,2025-02-14,13:38:44,-08:00,2025-02-14T13:38:44-08:00,0,6
meta/main.js,5,js,75e081eb,Jessica Batbayar,2025-02-14,13:38:44,-08:00,2025-02-14T13:38:44-08:00,0,43
meta/main.js,6,js,75e081eb,Jessica Batbayar,2025-02-14,13:38:44,-08:00,2025-02-14T13:38:44-08:00,0,24
meta/main.js,7,js,75e081eb,Jessica Batbayar,2025-02-14,13:38:44,-08:00,2025-02-14T13:38:44-08:00,0,26
meta/main.js,8,js,75e081eb,Jessica Batbayar,2025-02-14,13:38:44,-08:00,2025-02-14T13:38:44-08:00,0,50
meta/main.js,9,js,75e081eb,Jessica Batbayar,2025-02-14,13:38:44,-08:00,2025-02-14T13:38:44-08:00,0,32
meta/main.js,10,js,75e081eb,Jessica Batbayar,2025-02-14,13:38:44,-08:00,2025-02-14T13:38:44-08:00,0,3
meta/main.js,11,js,75e081eb,Jessica Batbayar,2025-02-14,13:38:44,-08:00,2025-02-14T13:38:44-08:00,0,20
meta/main.js,12,js,75e081eb,Jessica Batbayar,2025-02-14,13:38:44,-08:00,2025-02-14T13:38:44-08:00,0,19
meta/main.js,13,js,75e081eb,Jessica Batbayar,2025-02-14,13:38:44,-08:00,2025-02-14T13:38:44-08:00,0,23
meta/main.js,14,js,75e081eb,Jessica Batbayar,2025-02-14,13:38:44,-08:00,2025-02-14T13:38:44-08:00,0,14
meta/main.js,15,js,75e081eb,Jessica Batbayar,2025-02-14,13:38:44,-08:00,2025-02-14T13:38:44-08:00,0,0
meta/main.js,16,js,75e081eb,Jessica Batbayar,2025-02-14,13:38:44,-08:00,2025-02-14T13:38:44-08:00,0,17
meta/main.js,17,js,82328439,Jessica Batbayar,2025-02-12,01:00:51,-08:00,2025-02-12T01:00:51-08:00,0,49
meta/main.js,18,js,82328439,Jessica Batbayar,2025-02-12,01:00:51,-08:00,2025-02-12T01:00:51-08:00,0,23
meta/main.js,19,js,82328439,Jessica Batbayar,2025-02-12,01:00:51,-08:00,2025-02-12T01:00:51-08:00,0,16
meta/main.js,20,js,82328439,Jessica Batbayar,2025-02-12,01:00:51,-08:00,2025-02-12T01:00:51-08:00,0,0
meta/main.js,21,js,82328439,Jessica Batbayar,2025-02-12,01:00:51,-08:00,2025-02-12T01:00:51-08:00,0,26
meta/main.js,22,js,82328439,Jessica Batbayar,2025-02-12,01:00:51,-08:00,2025-02-12T01:00:51-08:00,0,11
meta/main.js,23,js,82328439,Jessica Batbayar,2025-02-12,01:00:51,-08:00,2025-02-12T01:00:51-08:00,0,29
meta/main.js,24,js,82328439,Jessica Batbayar,2025-02-12,01:00:51,-08:00,2025-02-12T01:00:51-08:00,0,26
meta/main.js,25,js,82328439,Jessica Batbayar,2025-02-12,01:00:51,-08:00,2025-02-12T01:00:51-08:00,0,20
meta/main.js,26,js,82328439,Jessica Batbayar,2025-02-12,01:00:51,-08:00,2025-02-12T01:00:51-08:00,0,54
meta/main.js,27,js,82328439,Jessica Batbayar,2025-02-12,01:00:51,-08:00,2025-02-12T01:00:51-08:00,0,10
meta/main.js,28,js,82328439,Jessica Batbayar,2025-02-12,01:00:51,-08:00,2025-02-12T01:00:51-08:00,0,10
meta/main.js,29,js,82328439,Jessica Batbayar,2025-02-12,01:00:51,-08:00,2025-02-12T01:00:51-08:00,0,62
meta/main.js,30,js,82328439,Jessica Batbayar,2025-02-12,01:00:51,-08:00,2025-02-12T01:00:51-08:00,0,6
meta/main.js,31,js,82328439,Jessica Batbayar,2025-02-12,01:00:51,-08:00,2025-02-12T01:00:51-08:00,0,4
meta/main.js,32,js,82328439,Jessica Batbayar,2025-02-12,01:00:51,-08:00,2025-02-12T01:00:51-08:00,0,4
meta/main.js,33,js,82328439,Jessica Batbayar,2025-02-12,01:00:51,-08:00,2025-02-12T01:00:51-08:00,0,8
meta/main.js,34,js,82328439,Jessica Batbayar,2025-02-12,01:00:51,-08:00,2025-02-12T01:00:51-08:00,0,8
meta/main.js,35,js,82328439,Jessica Batbayar,2025-02-12,01:00:51,-08:00,2025-02-12T01:00:51-08:00,0,58
meta/main.js,36,js,82328439,Jessica Batbayar,2025-02-12,01:00:51,-08:00,2025-02-12T01:00:51-08:00,0,24
meta/main.js,37,js,82328439,Jessica Batbayar,2025-02-12,01:00:51,-08:00,2025-02-12T01:00:51-08:00,0,1
meta/main.js,38,js,82328439,Jessica Batbayar,2025-02-12,01:00:51,-08:00,2025-02-12T01:00:51-08:00,0,0
meta/main.js,39,js,82328439,Jessica Batbayar,2025-02-12,01:00:51,-08:00,2025-02-12T01:00:51-08:00,0,36
meta/main.js,40,js,82328439,Jessica Batbayar,2025-02-12,01:00:51,-08:00,2025-02-12T01:00:51-08:00,0,12
meta/main.js,41,js,82328439,Jessica Batbayar,2025-02-12,01:00:51,-08:00,2025-02-12T01:00:51-08:00,0,19
meta/main.js,42,js,82328439,Jessica Batbayar,2025-02-12,01:00:51,-08:00,2025-02-12T01:00:51-08:00,0,15
meta/main.js,43,js,82328439,Jessica Batbayar,2025-02-12,01:00:51,-08:00,2025-02-12T01:00:51-08:00,0,16
meta/main.js,44,js,82328439,Jessica Batbayar,2025-02-12,01:00:51,-08:00,2025-02-12T01:00:51-08:00,0,39
meta/main.js,45,js,82328439,Jessica Batbayar,2025-02-12,01:00:51,-08:00,2025-02-12T01:00:51-08:00,0,54
meta/main.js,46,js,82328439,Jessica Batbayar,2025-02-12,01:00:51,-08:00,2025-02-12T01:00:51-08:00,0,24
meta/main.js,47,js,82328439,Jessica Batbayar,2025-02-12,01:00:51,-08:00,2025-02-12T01:00:51-08:00,0,2
meta/main.js,48,js,82328439,Jessica Batbayar,2025-02-12,01:00:51,-08:00,2025-02-12T01:00:51-08:00,0,0
meta/main.js,49,js,82328439,Jessica Batbayar,2025-02-12,01:00:51,-08:00,2025-02-12T01:00:51-08:00,0,10
meta/main.js,50,js,82328439,Jessica Batbayar,2025-02-12,01:00:51,-08:00,2025-02-12T01:00:51-08:00,0,2
meta/main.js,51,js,82328439,Jessica Batbayar,2025-02-12,01:00:51,-08:00,2025-02-12T01:00:51-08:00,0,0
meta/main.js,52,js,82328439,Jessica Batbayar,2025-02-12,01:00:51,-08:00,2025-02-12T01:00:51-08:00,0,0
meta/main.js,53,js,82328439,Jessica Batbayar,2025-02-12,01:00:51,-08:00,2025-02-12T01:00:51-08:00,0,0
meta/main.js,54,js,82328439,Jessica Batbayar,2025-02-12,01:00:51,-08:00,2025-02-12T01:00:51-08:00,0,10
meta/main.js,55,js,75e081eb,Jessica Batbayar,2025-02-14,13:38:44,-08:00,2025-02-14T13:38:44-08:00,0,19
meta/main.js,56,js,82328439,Jessica Batbayar,2025-02-12,01:00:51,-08:00,2025-02-12T01:00:51-08:00,0,24
meta/main.js,57,js,82328439,Jessica Batbayar,2025-02-12,01:00:51,-08:00,2025-02-12T01:00:51-08:00,0,23
meta/main.js,58,js,82328439,Jessica Batbayar,2025-02-12,01:00:51,-08:00,2025-02-12T01:00:51-08:00,0,16
meta/main.js,59,js,82328439,Jessica Batbayar,2025-02-12,01:00:51,-08:00,2025-02-12T01:00:51-08:00,0,0
meta/main.js,60,js,82328439,Jessica Batbayar,2025-02-12,01:00:51,-08:00,2025-02-12T01:00:51-08:00,0,23
meta/main.js,61,js,82328439,Jessica Batbayar,2025-02-12,01:00:51,-08:00,2025-02-12T01:00:51-08:00,0,66
meta/main.js,62,js,75e081eb,Jessica Batbayar,2025-02-14,13:38:44,-08:00,2025-02-14T13:38:44-08:00,0,0
meta/main.js,63,js,75e081eb,Jessica Batbayar,2025-02-14,13:38:44,-08:00,2025-02-14T13:38:44-08:00,0,49
meta/main.js,64,js,75e081eb,Jessica Batbayar,2025-02-14,13:38:44,-08:00,2025-02-14T13:38:44-08:00,0,43
meta/main.js,65,js,82328439,Jessica Batbayar,2025-02-12,01:00:51,-08:00,2025-02-12T01:00:51-08:00,0,0
meta/main.js,66,js,75e081eb,Jessica Batbayar,2025-02-14,13:38:44,-08:00,2025-02-14T13:38:44-08:00,0,30
meta/main.js,67,js,75e081eb,Jessica Batbayar,2025-02-14,13:38:44,-08:00,2025-02-14T13:38:44-08:00,0,4
meta/main.js,68,js,75e081eb,Jessica Batbayar,2025-02-14,13:38:44,-08:00,2025-02-14T13:38:44-08:00,0,31
meta/main.js,69,js,75e081eb,Jessica Batbayar,2025-02-14,13:38:44,-08:00,2025-02-14T13:38:44-08:00,0,12
meta/main.js,70,js,75e081eb,Jessica Batbayar,2025-02-14,13:38:44,-08:00,2025-02-14T13:38:44-08:00,0,1
meta/main.js,71,js,75e081eb,Jessica Batbayar,2025-02-14,13:38:44,-08:00,2025-02-14T13:38:44-08:00,0,59
meta/main.js,72,js,75e081eb,Jessica Batbayar,2025-02-14,13:38:44,-08:00,2025-02-14T13:38:44-08:00,0,0
meta/main.js,73,js,75e081eb,Jessica Batbayar,2025-02-14,13:38:44,-08:00,2025-02-14T13:38:44-08:00,0,31
meta/main.js,74,js,75e081eb,Jessica Batbayar,2025-02-14,13:38:44,-08:00,2025-02-14T13:38:44-08:00,0,4
meta/main.js,75,js,75e081eb,Jessica Batbayar,2025-02-14,13:38:44,-08:00,2025-02-14T13:38:44-08:00,0,15
meta/main.js,76,js,75e081eb,Jessica Batbayar,2025-02-14,13:38:44,-08:00,2025-02-14T13:38:44-08:00,0,71
meta/main.js,77,js,75e081eb,Jessica Batbayar,2025-02-14,13:38:44,-08:00,2025-02-14T13:38:44-08:00,0,1
meta/main.js,78,js,75e081eb,Jessica Batbayar,2025-02-14,13:38:44,-08:00,2025-02-14T13:38:44-08:00,0,64
meta/main.js,79,js,82328439,Jessica Batbayar,2025-02-12,01:00:51,-08:00,2025-02-12T01:00:51-08:00,0,0
meta/main.js,80,js,82328439,Jessica Batbayar,2025-02-12,01:00:51,-08:00,2025-02-12T01:00:51-08:00,0,19
meta/main.js,81,js,82328439,Jessica Batbayar,2025-02-12,01:00:51,-08:00,2025-02-12T01:00:51-08:00,0,37
meta/main.js,82,js,82328439,Jessica Batbayar,2025-02-12,01:00:51,-08:00,2025-02-12T01:00:51-08:00,0,36
meta/main.js,83,js,75e081eb,Jessica Batbayar,2025-02-14,13:38:44,-08:00,2025-02-14T13:38:44-08:00,0,0
meta/main.js,84,js,82328439,Jessica Batbayar,2025-02-12,01:00:51,-08:00,2025-02-12T01:00:51-08:00,0,29
meta/main.js,85,js,75e081eb,Jessica Batbayar,2025-02-14,13:38:44,-08:00,2025-02-14T13:38:44-08:00,0,29
meta/main.js,86,js,75e081eb,Jessica Batbayar,2025-02-14,13:38:44,-08:00,2025-02-14T13:38:44-08:00,0,30
meta/main.js,87,js,75e081eb,Jessica Batbayar,2025-02-14,13:38:44,-08:00,2025-02-14T13:38:44-08:00,0,0
meta/main.js,88,js,75e081eb,Jessica Batbayar,2025-02-14,13:38:44,-08:00,2025-02-14T13:38:44-08:00,0,15
meta/main.js,89,js,75e081eb,Jessica Batbayar,2025-02-14,13:38:44,-08:00,2025-02-14T13:38:44-08:00,0,68
meta/main.js,90,js,75e081eb,Jessica Batbayar,2025-02-14,13:38:44,-08:00,2025-02-14T13:38:44-08:00,0,33
meta/main.js,91,js,75e081eb,Jessica Batbayar,2025-02-14,13:38:44,-08:00,2025-02-14T13:38:44-08:00,0,0
meta/main.js,92,js,75e081eb,Jessica Batbayar,2025-02-14,13:38:44,-08:00,2025-02-14T13:38:44-08:00,0,33
meta/main.js,93,js,75e081eb,Jessica Batbayar,2025-02-14,13:38:44,-08:00,2025-02-14T13:38:44-08:00,0,30
meta/main.js,94,js,75e081eb,Jessica Batbayar,2025-02-14,13:38:44,-08:00,2025-02-14T13:38:44-08:00,0,0
meta/main.js,95,js,75e081eb,Jessica Batbayar,2025-02-14,13:38:44,-08:00,2025-02-14T13:38:44-08:00,0,39
meta/main.js,96,js,75e081eb,Jessica Batbayar,2025-02-14,13:38:44,-08:00,2025-02-14T13:38:44-08:00,0,39
meta/main.js,97,js,75e081eb,Jessica Batbayar,2025-02-14,13:38:44,-08:00,2025-02-14T13:38:44-08:00,0,0
meta/main.js,98,js,75e081eb,Jessica Batbayar,2025-02-14,13:38:44,-08:00,2025-02-14T13:38:44-08:00,0,48
meta/main.js,99,js,75e081eb,Jessica Batbayar,2025-02-14,13:38:44,-08:00,2025-02-14T13:38:44-08:00,0,34
meta/main.js,100,js,82328439,Jessica Batbayar,2025-02-12,01:00:51,-08:00,2025-02-12T01:00:51-08:00,0,0
meta/main.js,101,js,75e081eb,Jessica Batbayar,2025-02-14,13:38:44,-08:00,2025-02-14T13:38:44-08:00,0,0
meta/main.js,102,js,75e081eb,Jessica Batbayar,2025-02-14,13:38:44,-08:00,2025-02-14T13:38:44-08:00,0,28
meta/main.js,103,js,75e081eb,Jessica Batbayar,2025-02-14,13:38:44,-08:00,2025-02-14T13:38:44-08:00,0,18
meta/main.js,104,js,75e081eb,Jessica Batbayar,2025-02-14,13:38:44,-08:00,2025-02-14T13:38:44-08:00,0,18
meta/main.js,105,js,75e081eb,Jessica Batbayar,2025-02-14,13:38:44,-08:00,2025-02-14T13:38:44-08:00,0,13
meta/main.js,106,js,75e081eb,Jessica Batbayar,2025-02-14,13:38:44,-08:00,2025-02-14T13:38:44-08:00,0,16
meta/main.js,107,js,75e081eb,Jessica Batbayar,2025-02-14,13:38:44,-08:00,2025-02-14T13:38:44-08:00,0,13
meta/main.js,108,js,75e081eb,Jessica Batbayar,2025-02-14,13:38:44,-08:00,2025-02-14T13:38:44-08:00,0,41
meta/main.js,109,js,75e081eb,Jessica Batbayar,2025-02-14,13:38:44,-08:00,2025-02-14T13:38:44-08:00,0,29
meta/main.js,110,js,75e081eb,Jessica Batbayar,2025-02-14,13:38:44,-08:00,2025-02-14T13:38:44-08:00,0,0
meta/main.js,111,js,75e081eb,Jessica Batbayar,2025-02-14,13:38:44,-08:00,2025-02-14T13:38:44-08:00,0,0
meta/main.js,112,js,75e081eb,Jessica Batbayar,2025-02-14,13:38:44,-08:00,2025-02-14T13:38:44-08:00,0,16
meta/main.js,113,js,75e081eb,Jessica Batbayar,2025-02-14,13:38:44,-08:00,2025-02-14T13:38:44-08:00,0,11
meta/main.js,114,js,75e081eb,Jessica Batbayar,2025-02-14,13:38:44,-08:00,2025-02-14T13:38:44-08:00,0,45
meta/main.js,115,js,75e081eb,Jessica Batbayar,2025-02-14,13:38:44,-08:00,2025-02-14T13:38:44-08:00,0,17
meta/main.js,116,js,75e081eb,Jessica Batbayar,2025-02-14,13:38:44,-08:00,2025-02-14T13:38:44-08:00,0,7
meta/main.js,117,js,75e081eb,Jessica Batbayar,2025-02-14,13:38:44,-08:00,2025-02-14T13:38:44-08:00,0,66
meta/main.js,118,js,75e081eb,Jessica Batbayar,2025-02-14,13:38:44,-08:00,2025-02-14T13:38:44-08:00,0,0
meta/main.js,119,js,75e081eb,Jessica Batbayar,2025-02-14,13:38:44,-08:00,2025-02-14T13:38:44-08:00,0,50
meta/main.js,120,js,75e081eb,Jessica Batbayar,2025-02-14,13:38:44,-08:00,2025-02-14T13:38:44-08:00,0,0
meta/main.js,121,js,75e081eb,Jessica Batbayar,2025-02-14,13:38:44,-08:00,2025-02-14T13:38:44-08:00,0,3
meta/main.js,122,js,75e081eb,Jessica Batbayar,2025-02-14,13:38:44,-08:00,2025-02-14T13:38:44-08:00,0,19
meta/main.js,123,js,75e081eb,Jessica Batbayar,2025-02-14,13:38:44,-08:00,2025-02-14T13:38:44-08:00,0,13
meta/main.js,124,js,75e081eb,Jessica Batbayar,2025-02-14,13:38:44,-08:00,2025-02-14T13:38:44-08:00,0,14
meta/main.js,125,js,75e081eb,Jessica Batbayar,2025-02-14,13:38:44,-08:00,2025-02-14T13:38:44-08:00,0,37
meta/main.js,126,js,75e081eb,Jessica Batbayar,2025-02-14,13:38:44,-08:00,2025-02-14T13:38:44-08:00,0,37
meta/main.js,127,js,75e081eb,Jessica Batbayar,2025-02-14,13:38:44,-08:00,2025-02-14T13:38:44-08:00,0,12
meta/main.js,128,js,75e081eb,Jessica Batbayar,2025-02-14,13:38:44,-08:00,2025-02-14T13:38:44-08:00,0,26
meta/main.js,129,js,75e081eb,Jessica Batbayar,2025-02-14,13:38:44,-08:00,2025-02-14T13:38:44-08:00,0,0
meta/main.js,130,js,75e081eb,Jessica Batbayar,2025-02-14,13:38:44,-08:00,2025-02-14T13:38:44-08:00,0,0
meta/main.js,131,js,75e081eb,Jessica Batbayar,2025-02-14,13:38:44,-08:00,2025-02-14T13:38:44-08:00,0,20
meta/index.html,1,html,82328439,Jessica Batbayar,2025-02-12,01:00:51,-08:00,2025-02-12T01:00:51-08:00,0,14
meta/index.html,2,html,82328439,Jessica Batbayar,2025-02-12,01:00:51,-08:00,2025-02-12T01:00:51-08:00,0,15
meta/index.html,3,html,82328439,Jessica Batbayar,2025-02-12,01:00:51,-08:00,2025-02-12T01:00:51-08:00,0,5
meta/index.html,4,html,82328439,Jessica Batbayar,2025-02-12,01:00:51,-08:00,2025-02-12T01:00:51-08:00,0,21
meta/index.html,5,html,82328439,Jessica Batbayar,2025-02-12,01:00:51,-08:00,2025-02-12T01:00:51-08:00,0,69
meta/index.html,6,html,82328439,Jessica Batbayar,2025-02-12,01:00:51,-08:00,2025-02-12T01:00:51-08:00,0,18
meta/index.html,7,html,82328439,Jessica Batbayar,2025-02-12,01:00:51,-08:00,2025-02-12T01:00:51-08:00,0,47
meta/index.html,8,html,82328439,Jessica Batbayar,2025-02-12,01:00:51,-08:00,2025-02-12T01:00:51-08:00,0,49
meta/index.html,9,html,82328439,Jessica Batbayar,2025-02-12,01:00:51,-08:00,2025-02-12T01:00:51-08:00,0,36
meta/index.html,10,html,82328439,Jessica Batbayar,2025-02-12,01:00:51,-08:00,2025-02-12T01:00:51-08:00,0,52
meta/index.html,11,html,82328439,Jessica Batbayar,2025-02-12,01:00:51,-08:00,2025-02-12T01:00:51-08:00,0,6
meta/index.html,12,html,82328439,Jessica Batbayar,2025-02-12,01:00:51,-08:00,2025-02-12T01:00:51-08:00,0,5
meta/index.html,13,html,82328439,Jessica Batbayar,2025-02-12,01:00:51,-08:00,2025-02-12T01:00:51-08:00,0,12
meta/index.html,14,html,82328439,Jessica Batbayar,2025-02-12,01:00:51,-08:00,2025-02-12T01:00:51-08:00,0,62
meta/index.html,15,html,75e081eb,Jessica Batbayar,2025-02-14,13:38:44,-08:00,2025-02-14T13:38:44-08:00,0,15
meta/index.html,16,html,82328439,Jessica Batbayar,2025-02-12,01:00:51,-08:00,2025-02-12T01:00:51-08:00,0,15
meta/index.html,17,html,82328439,Jessica Batbayar,2025-02-12,01:00:51,-08:00,2025-02-12T01:00:51-08:00,0,8
meta/index.html,18,html,82328439,Jessica Batbayar,2025-02-12,01:00:51,-08:00,2025-02-12T01:00:51-08:00,0,5
meta/index.html,19,html,75e081eb,Jessica Batbayar,2025-02-14,13:38:44,-08:00,2025-02-14T13:38:44-08:00,0,0
meta/index.html,20,html,75e081eb,Jessica Batbayar,2025-02-14,13:38:44,-08:00,2025-02-14T13:38:44-08:00,0,30
meta/index.html,21,html,75e081eb,Jessica Batbayar,2025-02-14,13:38:44,-08:00,2025-02-14T13:38:44-08:00,0,21
meta/index.html,22,html,82328439,Jessica Batbayar,2025-02-12,01:00:51,-08:00,2025-02-12T01:00:51-08:00,0,6
meta/index.html,23,html,82328439,Jessica Batbayar,2025-02-12,01:00:51,-08:00,2025-02-12T01:00:51-08:00,0,6
contact/index.html,1,html,933e144b,Jessica Batbayar,2025-01-09,18:02:27,-08:00,2025-01-09T18:02:27-08:00,0,14
contact/index.html,2,html,933e144b,Jessica Batbayar,2025-01-09,18:02:27,-08:00,2025-01-09T18:02:27-08:00,0,15
contact/index.html,3,html,933e144b,Jessica Batbayar,2025-01-09,18:02:27,-08:00,2025-01-09T18:02:27-08:00,0,5
contact/index.html,4,html,933e144b,Jessica Batbayar,2025-01-09,18:02:27,-08:00,2025-01-09T18:02:27-08:00,0,21
contact/index.html,5,html,933e144b,Jessica Batbayar,2025-01-09,18:02:27,-08:00,2025-01-09T18:02:27-08:00,0,69
contact/index.html,6,html,933e144b,Jessica Batbayar,2025-01-09,18:02:27,-08:00,2025-01-09T18:02:27-08:00,0,21
contact/index.html,7,html,3634f6c7,Jessica Batbayar,2025-01-16,22:13:05,-08:00,2025-01-16T22:13:05-08:00,0,42
contact/index.html,8,html,644cab31,Jessica Batbayar,2025-01-23,12:53:32,-08:00,2025-01-23T12:53:32-08:00,0,49
contact/index.html,9,html,644cab31,Jessica Batbayar,2025-01-23,12:53:32,-08:00,2025-01-23T12:53:32-08:00,0,0
contact/index.html,10,html,933e144b,Jessica Batbayar,2025-01-09,18:02:27,-08:00,2025-01-09T18:02:27-08:00,0,6
contact/index.html,11,html,933e144b,Jessica Batbayar,2025-01-09,18:02:27,-08:00,2025-01-09T18:02:27-08:00,0,5
contact/index.html,12,html,933e144b,Jessica Batbayar,2025-01-09,18:02:27,-08:00,2025-01-09T18:02:27-08:00,0,15
contact/index.html,13,html,556c31bb,Jessica Batbayar,2025-01-23,16:53:47,-08:00,2025-01-23T16:53:47-08:00,0,58
contact/index.html,14,html,556c31bb,Jessica Batbayar,2025-01-23,16:53:47,-08:00,2025-01-23T16:53:47-08:00,0,41
contact/index.html,15,html,556c31bb,Jessica Batbayar,2025-01-23,16:53:47,-08:00,2025-01-23T16:53:47-08:00,0,52
contact/index.html,16,html,e482606e,Jessica Batbayar,2025-01-09,23:24:39,-08:00,2025-01-09T23:24:39-08:00,0,0
contact/index.html,17,html,5bcf1831,Jessica Batbayar,2025-01-09,19:48:13,-08:00,2025-01-09T19:48:13-08:00,0,36
contact/index.html,18,html,e482606e,Jessica Batbayar,2025-01-09,23:24:39,-08:00,2025-01-09T23:24:39-08:00,0,34
contact/index.html,19,html,e482606e,Jessica Batbayar,2025-01-09,23:24:39,-08:00,2025-01-09T23:24:39-08:00,0,0
contact/index.html,20,html,5bcf1831,Jessica Batbayar,2025-01-09,19:48:13,-08:00,2025-01-09T19:48:13-08:00,0,30
contact/index.html,21,html,e482606e,Jessica Batbayar,2025-01-09,23:24:39,-08:00,2025-01-09T23:24:39-08:00,0,42
contact/index.html,22,html,e482606e,Jessica Batbayar,2025-01-09,23:24:39,-08:00,2025-01-09T23:24:39-08:00,0,0
contact/index.html,23,html,27014909,Jessica Batbayar,2025-01-24,13:13:07,-08:00,2025-01-24T13:13:07-08:00,0,20
contact/index.html,24,html,e482606e,Jessica Batbayar,2025-01-09,23:24:39,-08:00,2025-01-09T23:24:39-08:00,0,6
contact/index.html,25,html,933e144b,Jessica Batbayar,2025-01-09,18:02:27,-08:00,2025-01-09T18:02:27-08:00,0,6
contact/index.html,26,html,933e144b,Jessica Batbayar,2025-01-09,18:02:27,-08:00,2025-01-09T18:02:27-08:00,0,6
